chunk_id,passage_id,source_ref,section_order,result_json
section_0001,text/body/div[urn:cts:greekLit:tlg0071.tlg001.1st1K-grc1]/head,anonymous_periplus:text/body/div[urn:cts:greekLit:tlg0071.tlg001.1st1K-grc1]/head,1,"{""draft_translation"":""The first marked harbor of the Red Sea and its trading places is Myos Hormos in Egypt. After it, sailing inward 1,800 stades, Berenike lies on the right. Both harbors are at the far end of Egypt's gulf of the Red Sea."",""places"":[],""commodity_entities"":[],""movement_events"":[]}"
section_0002,text/body/div[urn:cts:greekLit:tlg0071.tlg001.1st1K-grc1]/div[2]/p,anonymous_periplus:text/body/div[urn:cts:greekLit:tlg0071.tlg001.1st1K-grc1]/div[2]/p,2,"{""draft_translation"":""From the right-hand side from Berenike the Barbarian country adjoins the route. The coast is inhabited here and there by Fish-Eaters in narrow built enclosures, while inland live Barbarians and, after them, Wild-Eaters and Calf-Eaters under local rulers; behind them inland, toward the west, lies the metropolis called Meroe."",""places"":[],""commodity_entities"":[],""movement_events"":[]}"
section_0003,text/body/div[urn:cts:greekLit:tlg0071.tlg001.1st1K-grc1]/div[3]/p,anonymous_periplus:text/body/div[urn:cts:greekLit:tlg0071.tlg001.1st1K-grc1]/div[3]/p,3,"{""draft_translation"":""After the Calf-Eaters, on the coast, is the small trading station called Ptolemais of the Hunts, about four thousand stades from the end of the voyage up the gulf. From there the royal hunters under the Ptolemies went inland. The station has true tortoise shell, a little land tortoise shell, and a smaller white shell; occasionally a little ivory like that of Adulis is found there. The place has no harbor and offers only a landing by small boats."",""places"":[{""greek_surface"":""Πτολεμαῒς ἡ τῶν θηρῶν"",""english_label"":""Ptolemais of the Hunts"",""role"":""destination_port"",""notes"":""Small coastal emporion after the Moschophagoi.""},{""greek_surface"":""Μοσχοφάγους"",""english_label"":""Moschophagoi territory"",""role"":""route_or_intermediate_place"",""notes"":""Preceding coastal people/place marker on the route.""},{""greek_surface"":""Ἀδουλιτικῷ"",""english_label"":""Adulis"",""role"":""comparison_place"",""notes"":""Used as the comparison for the quality of the ivory, not the destination in this section.""}],""commodity_entities"":[{""english_label"":""true tortoise shell"",""greek_surface"":""χελώνην ἀληθινήν"",""category"":""animal_product"",""structure_type"":""separate_good"",""confidence"":""high"",""notes"":""Exportable shell available at Ptolemais.""},{""english_label"":""land tortoise shell"",""greek_surface"":""χελώνην ... χερσαίαν"",""category"":""animal_product"",""structure_type"":""separate_good"",""confidence"":""high"",""notes"":""Listed separately from true tortoise shell.""},{""english_label"":""small white tortoise shell"",""greek_surface"":""λευκὴν μικροτέραν"",""category"":""animal_product"",""structure_type"":""separate_good"",""confidence"":""medium"",""notes"":""A smaller white shell variety, probably a tortoise-shell type.""},{""english_label"":""ivory"",""greek_surface"":""ἐλέφας"",""category"":""animal_product"",""structure_type"":""separate_good"",""confidence"":""high"",""notes"":""Only a little is found, compared with Adulitic ivory.""}],""movement_events"":[{""movement_type"":""local_availability"",""source_place"":""Ptolemais of the Hunts"",""destination_place"":""Ptolemais of the Hunts"",""route_or_intermediate_place"":null,""goods"":[""true tortoise shell"",""land tortoise shell"",""small white tortoise shell"",""ivory""],""notes"":""Goods are described as present or occasionally found at the emporion rather than as a directional cargo movement.""}]}"
section_0004,text/body/div[urn:cts:greekLit:tlg0071.tlg001.1st1K-grc1]/div[4]/p,anonymous_periplus:text/body/div[urn:cts:greekLit:tlg0071.tlg001.1st1K-grc1]/div[4]/p,4,"{""draft_translation"":""About three thousand stades after Ptolemais of the Hunts lies the lawful trading station Adulis, set in a deep south-facing bay. The island called Oreine lies before it, where ships now anchor because of attacks from the mainland; formerly they anchored deeper in the bay at Diodoros island. On the mainland opposite Oreine, twenty stades from the sea, is the village of Adulis. From it a three-day road leads to inland Koloe, the first ivory market; five more days lead to the metropolis of the Aksumites, where all ivory from beyond the Nile is brought through Kyeneion and then onward to Adulis. Elephants and rhinoceroses mostly range in the upper country, though rarely near coastal Adulis. Offshore islands called Alalaiou have tortoise shell carried to the emporion by the Fish-Eaters."",""places"":[{""greek_surface"":""Ἀδουλὶ"",""english_label"":""Adulis"",""role"":""destination_port"",""notes"":""Lawful emporion and endpoint for ivory carried from inland routes.""},{""greek_surface"":""Πτολεμαΐδα τὴν τῶν θηρῶν"",""english_label"":""Ptolemais of the Hunts"",""role"":""route_or_intermediate_place"",""notes"":""Previous route marker.""},{""greek_surface"":""Ὀρεινὴ"",""english_label"":""Oreine island"",""role"":""route_or_intermediate_place"",""notes"":""Island anchorage before the bay; ships anchor there.""},{""greek_surface"":""Διοδώρου ... νήσῳ"",""english_label"":""Diodoros island"",""role"":""route_or_intermediate_place"",""notes"":""Former anchorage deeper in the bay.""},{""greek_surface"":""Κολόην"",""english_label"":""Koloe"",""role"":""source_place"",""notes"":""Inland city and first emporion of ivory.""},{""greek_surface"":""Aὐξωμιτῶν"",""english_label"":""Aksumite metropolis"",""role"":""source_place"",""notes"":""Inland metropolis receiving ivory from beyond the Nile.""},{""greek_surface"":""Κυηνείου"",""english_label"":""Kyeneion"",""role"":""route_or_intermediate_place"",""notes"":""Named route point for ivory from beyond the Nile.""},{""greek_surface"":""πέραν τοῦ Νείλου"",""english_label"":""Beyond the Nile"",""role"":""source_place"",""notes"":""Ultimate source region for the ivory.""},{""greek_surface"":""Ἀλαλαίου"",""english_label"":""Alalaiou islands"",""role"":""source_place"",""notes"":""Offshore islands with tortoise shell.""}],""commodity_entities"":[{""english_label"":""ivory"",""greek_surface"":""ἐλέφας"",""category"":""animal_product"",""structure_type"":""separate_good"",""confidence"":""high"",""notes"":""Main inland commodity routed through Koloe, the Aksumite metropolis, Kyeneion, and Adulis.""},{""english_label"":""rhinoceros horn or rhinoceros product"",""greek_surface"":""ῥινοκερώτων"",""category"":""animal_product"",""structure_type"":""separate_good"",""confidence"":""medium"",""notes"":""Rhinoceroses are mentioned with hunted elephants; commodity form is not explicit.""},{""english_label"":""tortoise shell"",""greek_surface"":""χελώνην"",""category"":""animal_product"",""structure_type"":""separate_good"",""confidence"":""high"",""notes"":""From the Alalaiou islands, carried into the emporion by Fish-Eaters.""}],""movement_events"":[{""movement_type"":""inland_export_to_port"",""source_place"":""Beyond the Nile"",""destination_place"":""Adulis"",""route_or_intermediate_place"":""Kyeneion; Aksumite metropolis; Koloe"",""goods"":[""ivory""],""notes"":""All ivory is said to be brought inland through these points and then to Adulis.""},{""movement_type"":""local_supply_to_port"",""source_place"":""Alalaiou islands"",""destination_place"":""Adulis"",""route_or_intermediate_place"":null,""goods"":[""tortoise shell""],""notes"":""Fish-Eaters carry tortoise shell from the islands into the emporion.""}]}"
section_0005,text/body/div[urn:cts:greekLit:tlg0071.tlg001.1st1K-grc1]/div[5]/p,anonymous_periplus:text/body/div[urn:cts:greekLit:tlg0071.tlg001.1st1K-grc1]/div[5]/p,5,"{""draft_translation"":""About eight hundred stades farther is another very deep gulf. At the entrance on the right a large sandbank lies spread out, and under it, buried in depth, is found obsidian stone, produced locally only there. Zoskales rules these places from the Calf-Eaters as far as the rest of Barbaria; he is frugal and grasping in most matters, but noble in other respects and familiar with Greek letters."",""places"":[{""greek_surface"":""Μοσχοφάγων"",""english_label"":""Moschophagoi territory"",""role"":""route_or_intermediate_place"",""notes"":""Western limit of Zoskales' rule in this description.""},{""greek_surface"":""Bαρβαρίας"",""english_label"":""Barbaria"",""role"":""region"",""notes"":""Region ruled by Zoskales.""}],""commodity_entities"":[{""english_label"":""obsidian stone"",""greek_surface"":""ὀψιανὸς λίθος"",""category"":""stone_or_mineral"",""structure_type"":""separate_good"",""confidence"":""high"",""notes"":""Said to be found buried in the sand and locally produced only in this place.""}],""movement_events"":[{""movement_type"":""local_product"",""source_place"":""deep gulf after Adulis"",""destination_place"":null,""route_or_intermediate_place"":null,""goods"":[""obsidian stone""],""notes"":""The passage describes local occurrence, not shipment.""}]}"
section_0006,text/body/div[urn:cts:greekLit:tlg0071.tlg001.1st1K-grc1]/div[6]/p,anonymous_periplus:text/body/div[urn:cts:greekLit:tlg0071.tlg001.1st1K-grc1]/div[6]/p,6,"{""draft_translation"":""Into these places go unfulled Barbarian cloths made in Egypt, Arsinoite robes, imitation colored cloaks, linens, double-fringed cloths, many kinds of glass-stone and other murrhine from Diospolis, brass used for ornament and cut as money, copper vessels for cooking and for making women's bracelets and anklets, iron for spears against elephants and other beasts and for wars, axes, adzes, knives, large round copper drinking cups, a little denarius coinage for resident foreigners, a little Laodicean and Italian wine, and a little oil. For the king go locally styled silver and gold plate, cloaks, and simple kaunakai. From the inland parts of Arabia also come Indian iron and steel, broad Indian cotton cloth called monache, girdle-cloths, waist-bands, kaunakai, mallow-colored garments, a few fine cloths, and colored lac. From these places are exported ivory, tortoise shell, and rhinoceros product. Most goods from Egypt are brought to this emporion from January to September, and the timely departure from Egypt is around September."",""places"":[{""greek_surface"":""τοὺς τόπους τούτους"",""english_label"":""Adulis and neighboring Barbaria"",""role"":""destination_port"",""notes"":""The import and export list continues the Adulis district from the preceding section.""},{""greek_surface"":""Aἰγύπτῳ"",""english_label"":""Egypt"",""role"":""source_place"",""notes"":""Source of many imports into Adulis.""},{""greek_surface"":""Διοςπόλει"",""english_label"":""Diospolis"",""role"":""source_place"",""notes"":""Source named for murrhine or glass-like ware.""},{""greek_surface"":""Ἀραβικῆς"",""english_label"":""inland Arabia"",""role"":""source_place"",""notes"":""Source region for Indian and other goods entering these places.""}],""commodity_entities"":[{""english_label"":""unfulled Barbarian cloths made in Egypt"",""greek_surface"":""ἱμάτια βαρβαρικὰ ἄγναφα"",""category"":""textile"",""structure_type"":""compound_entity"",""confidence"":""high"",""notes"":""Compound import item; Egyptian manufacture is part of the description.""},{""english_label"":""Arsinoite robes"",""greek_surface"":""Ἀρσινοητιικαὶ στολαὶ"",""category"":""textile"",""structure_type"":""separate_good"",""confidence"":""high"",""notes"":""Imported garment type.""},{""english_label"":""imitation colored cloaks"",""greek_surface"":""ἀβόλλαι νόθοι χρωμάτιναι"",""category"":""textile"",""structure_type"":""compound_entity"",""confidence"":""high"",""notes"":""Preserved as one compound textile entity.""},{""english_label"":""linen cloths"",""greek_surface"":""λέντια"",""category"":""textile"",""structure_type"":""separate_good"",""confidence"":""high"",""notes"":""Imported textile.""},{""english_label"":""double-fringed cloths"",""greek_surface"":""δικρόσσια"",""category"":""textile"",""structure_type"":""separate_good"",""confidence"":""medium"",""notes"":""Textile or cloth item in the import list.""},{""english_label"":""glass-stone varieties"",""greek_surface"":""λιθίας ὑαλῆς πλείονα γένη"",""category"":""glass_or_stone"",""structure_type"":""compound_entity"",""confidence"":""high"",""notes"":""Multiple varieties treated as one compound category.""},{""english_label"":""murrhine ware from Diospolis"",""greek_surface"":""ἄλλης μορρίνης"",""category"":""glass_or_stone"",""structure_type"":""compound_entity"",""confidence"":""medium"",""notes"":""Imported material or ware associated with Diospolis.""},{""english_label"":""brass"",""greek_surface"":""ὀρείχαλκος"",""category"":""metal"",""structure_type"":""separate_good"",""confidence"":""high"",""notes"":""Used for ornament and as cut exchange metal.""},{""english_label"":""copper vessels"",""greek_surface"":""μελίεφθα χαλκᾶ"",""category"":""metalware"",""structure_type"":""compound_entity"",""confidence"":""medium"",""notes"":""Copper cooking and metalworking vessels.""},{""english_label"":""iron"",""greek_surface"":""σίδηρος"",""category"":""metal"",""structure_type"":""separate_good"",""confidence"":""high"",""notes"":""Consumed for spears and warfare.""},{""english_label"":""axes"",""greek_surface"":""πελύκια"",""category"":""tool"",""structure_type"":""separate_good"",""confidence"":""high"",""notes"":""Imported tool.""},{""english_label"":""adzes"",""greek_surface"":""σκέπαρνα"",""category"":""tool"",""structure_type"":""separate_good"",""confidence"":""high"",""notes"":""Imported tool.""},{""english_label"":""knives"",""greek_surface"":""μάχαιραι"",""category"":""tool_or_weapon"",""structure_type"":""separate_good"",""confidence"":""high"",""notes"":""Imported blade goods.""},{""english_label"":""large round copper drinking cups"",""greek_surface"":""ποτήρια χαλκᾶ στρογγύλα μεγάλα"",""category"":""metalware"",""structure_type"":""compound_entity"",""confidence"":""high"",""notes"":""Preserved as a compound vessel entity.""},{""english_label"":""denarius coinage"",""greek_surface"":""δηνάριον"",""category"":""money"",""structure_type"":""separate_good"",""confidence"":""high"",""notes"":""A small amount imported for resident traders.""},{""english_label"":""Laodicean wine"",""greek_surface"":""οἶνος Λαδικηνὸς"",""category"":""food_drink"",""structure_type"":""compound_entity"",""confidence"":""high"",""notes"":""Listed separately from Italian wine.""},{""english_label"":""Italian wine"",""greek_surface"":""οἶνος ... Ἰταλικὸς"",""category"":""food_drink"",""structure_type"":""compound_entity"",""confidence"":""high"",""notes"":""Listed separately from Laodicean wine.""},{""english_label"":""olive oil"",""greek_surface"":""ἔλαιον"",""category"":""food_drink"",""structure_type"":""separate_good"",""confidence"":""high"",""notes"":""Small quantity import.""},{""english_label"":""silver plate for the king"",""greek_surface"":""ἀργυρώματα"",""category"":""prestige_metalware"",""structure_type"":""separate_good"",""confidence"":""high"",""notes"":""Royal gift or elite import.""},{""english_label"":""gold plate for the king"",""greek_surface"":""χρυσώματα"",""category"":""prestige_metalware"",""structure_type"":""separate_good"",""confidence"":""high"",""notes"":""Royal gift or elite import.""},{""english_label"":""cloaks for the king"",""greek_surface"":""ἱματίων ἀβόλλαι"",""category"":""textile"",""structure_type"":""compound_entity"",""confidence"":""high"",""notes"":""Royal import.""},{""english_label"":""simple kaunakai for the king"",""greek_surface"":""καυνάκαι ἁπλοῖ"",""category"":""textile"",""structure_type"":""compound_entity"",""confidence"":""high"",""notes"":""Royal import.""},{""english_label"":""Indian iron"",""greek_surface"":""σίδηρος Ἰνδικὸς"",""category"":""metal"",""structure_type"":""compound_entity"",""confidence"":""high"",""notes"":""Import from inland Arabia, identified as Indian.""},{""english_label"":""steel"",""greek_surface"":""στόμωμα"",""category"":""metal"",""structure_type"":""separate_good"",""confidence"":""high"",""notes"":""Listed with Indian iron.""},{""english_label"":""broad Indian cotton cloth called monache"",""greek_surface"":""ὀθόνιον Ἰνδικὸν τὸ πλατύτερον, ἡ λεγομένη μοναχὴ"",""category"":""textile"",""structure_type"":""compound_entity"",""confidence"":""high"",""notes"":""Compound entity with appositional name preserved.""},{""english_label"":""girdle-cloths"",""greek_surface"":""σαγματογῆναι"",""category"":""textile"",""structure_type"":""separate_good"",""confidence"":""medium"",""notes"":""Textile import from inland Arabia.""},{""english_label"":""waist-bands"",""greek_surface"":""περιζώματα"",""category"":""textile"",""structure_type"":""separate_good"",""confidence"":""high"",""notes"":""Imported textile or garment.""},{""english_label"":""kaunakai"",""greek_surface"":""καυνάκαι"",""category"":""textile"",""structure_type"":""separate_good"",""confidence"":""high"",""notes"":""Imported textile.""},{""english_label"":""mallow-colored garments"",""greek_surface"":""μολόχινα"",""category"":""textile"",""structure_type"":""separate_good"",""confidence"":""medium"",""notes"":""Color/type textile term.""},{""english_label"":""fine cloths"",""greek_surface"":""σινδόνες"",""category"":""textile"",""structure_type"":""separate_good"",""confidence"":""high"",""notes"":""A few are imported.""},{""english_label"":""colored lac"",""greek_surface"":""λάκκος χρωμάτινος"",""category"":""dye_or_resin"",""structure_type"":""compound_entity"",""confidence"":""high"",""notes"":""Imported colorant.""},{""english_label"":""ivory"",""greek_surface"":""ἐλέφας"",""category"":""animal_product"",""structure_type"":""separate_good"",""confidence"":""high"",""notes"":""Export from these places.""},{""english_label"":""tortoise shell"",""greek_surface"":""χελώνη"",""category"":""animal_product"",""structure_type"":""separate_good"",""confidence"":""high"",""notes"":""Export from these places.""},{""english_label"":""rhinoceros product"",""greek_surface"":""ῥινόκερως"",""category"":""animal_product"",""structure_type"":""separate_good"",""confidence"":""medium"",""notes"":""Exported product; commodity form is not specified.""}],""movement_events"":[{""movement_type"":""import_to_port"",""source_place"":""Egypt"",""destination_place"":""Adulis and neighboring Barbaria"",""route_or_intermediate_place"":""Diospolis for murrhine ware"",""goods"":[""unfulled Barbarian cloths made in Egypt"",""Arsinoite robes"",""imitation colored cloaks"",""linen cloths"",""double-fringed cloths"",""glass-stone varieties"",""murrhine ware from Diospolis"",""brass"",""copper vessels"",""iron"",""axes"",""adzes"",""knives"",""large round copper drinking cups"",""denarius coinage"",""Laodicean wine"",""Italian wine"",""olive oil"",""silver plate for the king"",""gold plate for the king"",""cloaks for the king"",""simple kaunakai for the king""],""notes"":""Main Egyptian import list for the Adulis district.""},{""movement_type"":""import_to_port"",""source_place"":""inland Arabia"",""destination_place"":""Adulis and neighboring Barbaria"",""route_or_intermediate_place"":null,""goods"":[""Indian iron"",""steel"",""broad Indian cotton cloth called monache"",""girdle-cloths"",""waist-bands"",""kaunakai"",""mallow-colored garments"",""fine cloths"",""colored lac""],""notes"":""Additional imports said to come from the inland parts of Arabia.""},{""movement_type"":""export_from_port"",""source_place"":""Adulis and neighboring Barbaria"",""destination_place"":null,""route_or_intermediate_place"":null,""goods"":[""ivory"",""tortoise shell"",""rhinoceros product""],""notes"":""Export list from these places; destination not specified.""}]}"
section_0007,text/body/div[urn:cts:greekLit:tlg0071.tlg001.1st1K-grc1]/div[7]/p,anonymous_periplus:text/body/div[urn:cts:greekLit:tlg0071.tlg001.1st1K-grc1]/div[7]/p,7,"{""draft_translation"":""Farther east the Arabian gulf stretches on and narrows especially at Avalites. After about four thousand stades, sailing east along the same mainland, there are other Barbarian emporia called the far-side markets, with anchorages and roadsteads suitable by season. The first is Avalites, where the crossing from Arabia to the far side is narrowest. At this small trading station rafts and boats come together. Into it go mixed glass-stone, juice of Diospolitan sour grapes, mixed Barbarian cloths, grain, wine, and a little tin. From it are exported aromatics, a little ivory, tortoise shell, and a very small amount of myrrh superior to the rest; sometimes the local barbarians carry these by rafts across to Okelis and Mouza."",""places"":[{""greek_surface"":""Aὐαλίτης"",""english_label"":""Avalites"",""role"":""destination_port"",""notes"":""First of the far-side Barbarian emporia and destination of imports.""},{""greek_surface"":""Ἀραβικῆς"",""english_label"":""Arabia"",""role"":""comparison_or_opposite_place"",""notes"":""Opposite side of the narrow crossing.""},{""greek_surface"":""Ὄκηλιν"",""english_label"":""Okelis"",""role"":""destination_place"",""notes"":""Opposite Arabian destination for raft-borne exports.""},{""greek_surface"":""Μούζα"",""english_label"":""Mouza"",""role"":""destination_place"",""notes"":""Opposite Arabian destination for raft-borne exports.""},{""greek_surface"":""Βαρβαρικὰ"",""english_label"":""Barbarian coast"",""role"":""region"",""notes"":""Regional setting for the far-side markets.""}],""commodity_entities"":[{""english_label"":""mixed glass-stone"",""greek_surface"":""ὑαλὴ λιθία σύμμικτος"",""category"":""glass_or_stone"",""structure_type"":""compound_entity"",""confidence"":""high"",""notes"":""Import into Avalites.""},{""english_label"":""juice of Diospolitan sour grapes"",""greek_surface"":""χυλὸς Διοςπολιτικῆς ὄμφακος"",""category"":""food_drink"",""structure_type"":""compound_entity"",""confidence"":""high"",""notes"":""Import into Avalites.""},{""english_label"":""mixed Barbarian cloths"",""greek_surface"":""ἱμάτια βαρβαρικὰ σύμμικτα"",""category"":""textile"",""structure_type"":""compound_entity"",""confidence"":""high"",""notes"":""Import into Avalites.""},{""english_label"":""grain"",""greek_surface"":""σῖτος"",""category"":""food_grain"",""structure_type"":""separate_good"",""confidence"":""high"",""notes"":""Import into Avalites.""},{""english_label"":""wine"",""greek_surface"":""οἶνος"",""category"":""food_drink"",""structure_type"":""separate_good"",""confidence"":""high"",""notes"":""Import into Avalites.""},{""english_label"":""tin"",""greek_surface"":""κασσίτερος"",""category"":""metal"",""structure_type"":""separate_good"",""confidence"":""high"",""notes"":""A small amount imported into Avalites.""},{""english_label"":""aromatics"",""greek_surface"":""ἀρώματα"",""category"":""aromatic"",""structure_type"":""separate_good"",""confidence"":""high"",""notes"":""Export from Avalites.""},{""english_label"":""ivory"",""greek_surface"":""ἐλέφας"",""category"":""animal_product"",""structure_type"":""separate_good"",""confidence"":""high"",""notes"":""A little exported from Avalites.""},{""english_label"":""tortoise shell"",""greek_surface"":""χελώνη"",""category"":""animal_product"",""structure_type"":""separate_good"",""confidence"":""high"",""notes"":""Export from Avalites.""},{""english_label"":""myrrh"",""greek_surface"":""σμύρνα"",""category"":""aromatic_resin"",""structure_type"":""separate_good"",""confidence"":""high"",""notes"":""Very small quantity, said to be superior to other myrrh.""}],""movement_events"":[{""movement_type"":""import_to_port"",""source_place"":null,""destination_place"":""Avalites"",""route_or_intermediate_place"":null,""goods"":[""mixed glass-stone"",""juice of Diospolitan sour grapes"",""mixed Barbarian cloths"",""grain"",""wine"",""tin""],""notes"":""Imports into Avalites; source is not specified in this section.""},{""movement_type"":""export_from_port"",""source_place"":""Avalites"",""destination_place"":null,""route_or_intermediate_place"":null,""goods"":[""aromatics"",""ivory"",""tortoise shell"",""myrrh""],""notes"":""Exports from Avalites.""},{""movement_type"":""cross_gulf_transfer"",""source_place"":""Avalites"",""destination_place"":""Okelis; Mouza"",""route_or_intermediate_place"":""rafts across the narrow crossing"",""goods"":[""aromatics"",""ivory"",""tortoise shell"",""myrrh""],""notes"":""The barbarians sometimes carry the exports by raft to the opposite Arabian ports.""}]}"
section_0008,text/body/div[urn:cts:greekLit:tlg0071.tlg001.1st1K-grc1]/div[8]/p,anonymous_periplus:text/body/div[urn:cts:greekLit:tlg0071.tlg001.1st1K-grc1]/div[8]/p,8,"{""draft_translation"":""After Avalites is another trading station, better than it, called Malao, about eight hundred stades by sea. Its harbor is an open roadstead sheltered by a cape rising to the east, and its inhabitants are more peaceful. Into this place go the goods already mentioned, plus more tunics, fulled and dyed Arsinoite cloaks, drinking cups, a few copper vessels, iron, and not much gold and silver denarius coinage. From these places are exported myrrh, a little far-side frankincense, harder cassia, douaka, kangkamon, makeir sent on to Arabia, and rarely slaves."",""places"":[{""greek_surface"":""Aὐαλίτην"",""english_label"":""Avalites"",""role"":""route_or_intermediate_place"",""notes"":""Previous emporion on the route.""},{""greek_surface"":""Μαλαὼ"",""english_label"":""Malao"",""role"":""destination_port"",""notes"":""Better emporion after Avalites.""},{""greek_surface"":""Ἀραβίαν"",""english_label"":""Arabia"",""role"":""destination_place"",""notes"":""Destination for several aromatics moving onward.""}],""commodity_entities"":[{""english_label"":""previously mentioned imports"",""greek_surface"":""τὰ προειρημένα"",""category"":""mixed_goods"",""structure_type"":""compound_entity"",""confidence"":""medium"",""notes"":""Refers back to Avalites import list.""},{""english_label"":""tunics"",""greek_surface"":""χιτῶνες"",""category"":""textile"",""structure_type"":""separate_good"",""confidence"":""high"",""notes"":""Additional import into Malao.""},{""english_label"":""fulled and dyed Arsinoite cloaks"",""greek_surface"":""σάγοι Ἀρσινοητικοὶ γεγναμμένοι καὶ βεβαμμένοι"",""category"":""textile"",""structure_type"":""compound_entity"",""confidence"":""high"",""notes"":""Compound textile entity.""},{""english_label"":""drinking cups"",""greek_surface"":""ποτήρια"",""category"":""vessel"",""structure_type"":""separate_good"",""confidence"":""high"",""notes"":""Import into Malao.""},{""english_label"":""copper vessels"",""greek_surface"":""μελίεφθα"",""category"":""metalware"",""structure_type"":""separate_good"",""confidence"":""medium"",""notes"":""A few imported.""},{""english_label"":""iron"",""greek_surface"":""σίδηρος"",""category"":""metal"",""structure_type"":""separate_good"",""confidence"":""high"",""notes"":""Import into Malao.""},{""english_label"":""gold coinage"",""greek_surface"":""δηνάριον ... χρυσοῦν"",""category"":""money"",""structure_type"":""compound_entity"",""confidence"":""high"",""notes"":""Not much imported.""},{""english_label"":""silver coinage"",""greek_surface"":""δηνάριον ... ἀργυροῦν"",""category"":""money"",""structure_type"":""compound_entity"",""confidence"":""high"",""notes"":""Not much imported.""},{""english_label"":""myrrh"",""greek_surface"":""σμύρνα"",""category"":""aromatic_resin"",""structure_type"":""separate_good"",""confidence"":""high"",""notes"":""Export from the Malao district.""},{""english_label"":""far-side frankincense"",""greek_surface"":""λίβανος ὁ περατικὸς"",""category"":""aromatic_resin"",""structure_type"":""compound_entity"",""confidence"":""high"",""notes"":""A little exported.""},{""english_label"":""harder cassia"",""greek_surface"":""κασσία σκληροτέρα"",""category"":""aromatic_spice"",""structure_type"":""compound_entity"",""confidence"":""high"",""notes"":""Exported aromatic/spice.""},{""english_label"":""douaka"",""greek_surface"":""δούακα"",""category"":""aromatic_or_spice"",""structure_type"":""separate_good"",""confidence"":""medium"",""notes"":""Exported onward to Arabia.""},{""english_label"":""kangkamon"",""greek_surface"":""κάγκαμον"",""category"":""aromatic_or_gum"",""structure_type"":""separate_good"",""confidence"":""medium"",""notes"":""Exported onward to Arabia.""},{""english_label"":""makeir"",""greek_surface"":""μάκειρ"",""category"":""aromatic_or_spice"",""structure_type"":""separate_good"",""confidence"":""medium"",""notes"":""Exported onward to Arabia.""},{""english_label"":""slaves"",""greek_surface"":""σώματα"",""category"":""enslaved_persons"",""structure_type"":""separate_good"",""confidence"":""high"",""notes"":""Rarely exported; included because the passage treats them as trade cargo.""}],""movement_events"":[{""movement_type"":""import_to_port"",""source_place"":null,""destination_place"":""Malao"",""route_or_intermediate_place"":null,""goods"":[""previously mentioned imports"",""tunics"",""fulled and dyed Arsinoite cloaks"",""drinking cups"",""copper vessels"",""iron"",""gold coinage"",""silver coinage""],""notes"":""Imports into Malao; source not specified in this section.""},{""movement_type"":""export_from_port"",""source_place"":""Malao"",""destination_place"":null,""route_or_intermediate_place"":null,""goods"":[""myrrh"",""far-side frankincense"",""harder cassia"",""douaka"",""kangkamon"",""makeir"",""slaves""],""notes"":""Export list from these places.""},{""movement_type"":""onward_export"",""source_place"":""Malao"",""destination_place"":""Arabia"",""route_or_intermediate_place"":null,""goods"":[""douaka"",""kangkamon"",""makeir""],""notes"":""These named products are explicitly said to proceed into Arabia.""}]}"
section_0009,text/body/div[urn:cts:greekLit:tlg0071.tlg001.1st1K-grc1]/div[9]/p,anonymous_periplus:text/body/div[urn:cts:greekLit:tlg0071.tlg001.1st1K-grc1]/div[9]/p,9,"{""draft_translation"":""Two runs from Malao is the trading station Mundu, where ships anchor more safely at the island lying very close before the land. Into it go the goods already mentioned, and from there likewise are exported the already mentioned cargoes and the incense called mokrotou. The resident merchants are harsher."",""places"":[{""greek_surface"":""Μαλαὼ"",""english_label"":""Malao"",""role"":""route_or_intermediate_place"",""notes"":""Previous emporion and route marker.""},{""greek_surface"":""Μούνδου"",""english_label"":""Mundu"",""role"":""destination_port"",""notes"":""Trading station two runs from Malao.""},{""greek_surface"":""νῆσον"",""english_label"":""island off Mundu"",""role"":""route_or_intermediate_place"",""notes"":""Nearby island used as safer anchorage.""}],""commodity_entities"":[{""english_label"":""previously mentioned imports"",""greek_surface"":""τὰ προειρημένα"",""category"":""mixed_goods"",""structure_type"":""compound_entity"",""confidence"":""medium"",""notes"":""Imports refer back to the Malao/Avalites lists.""},{""english_label"":""previously mentioned cargoes"",""greek_surface"":""τὰ προειρημένα φορτία"",""category"":""mixed_goods"",""structure_type"":""compound_entity"",""confidence"":""medium"",""notes"":""Exports refer back to the preceding cargo list.""},{""english_label"":""mokrotou incense"",""greek_surface"":""θυμίαμα τὸ λεγόμενον μοκρότου"",""category"":""aromatic_resin"",""structure_type"":""compound_entity"",""confidence"":""high"",""notes"":""Appositional compound preserved as one entity.""}],""movement_events"":[{""movement_type"":""import_to_port"",""source_place"":null,""destination_place"":""Mundu"",""route_or_intermediate_place"":null,""goods"":[""previously mentioned imports""],""notes"":""Imports into Mundu; details refer back to earlier lists.""},{""movement_type"":""export_from_port"",""source_place"":""Mundu"",""destination_place"":null,""route_or_intermediate_place"":null,""goods"":[""previously mentioned cargoes"",""mokrotou incense""],""notes"":""Exports from Mundu.""}]}"
section_0010,text/body/div[urn:cts:greekLit:tlg0071.tlg001.1st1K-grc1]/div[10]/p,anonymous_periplus:text/body/div[urn:cts:greekLit:tlg0071.tlg001.1st1K-grc1]/div[10]/p,10,"{""draft_translation"":""From Mundu, sailing east, after two or three runs, Mosyllon lies nearby on a shore with a difficult anchorage. Into it go the previously mentioned kinds, silver ware, fewer iron goods, and glass-stone goods. From these places is exported a very great quantity of cassia, so the emporion needs larger ships, along with other fragrance and aromatics, a few small tortoise shells, mokrotou inferior to that of Mundu, far-side frankincense, and rarely ivory and myrrh."",""places"":[{""greek_surface"":""Μούνδου"",""english_label"":""Mundu"",""role"":""route_or_intermediate_place"",""notes"":""Previous emporion.""},{""greek_surface"":""Μόσυλον"",""english_label"":""Mosyllon"",""role"":""destination_port"",""notes"":""Emporion after Mundu, with a difficult shore anchorage.""}],""commodity_entities"":[{""english_label"":""previously mentioned kinds"",""greek_surface"":""τὰ προειρημένα γένη"",""category"":""mixed_goods"",""structure_type"":""compound_entity"",""confidence"":""medium"",""notes"":""Imports refer back to earlier categories.""},{""english_label"":""silver ware"",""greek_surface"":""σκεύη ἀργυρᾶ"",""category"":""metalware"",""structure_type"":""compound_entity"",""confidence"":""high"",""notes"":""Import into Mosyllon.""},{""english_label"":""iron goods"",""greek_surface"":""σιδηρᾶ"",""category"":""metalware_or_tools"",""structure_type"":""separate_good"",""confidence"":""medium"",""notes"":""Fewer imported than silver ware.""},{""english_label"":""glass-stone goods"",""greek_surface"":""λιθία"",""category"":""glass_or_stone"",""structure_type"":""separate_good"",""confidence"":""medium"",""notes"":""Import into Mosyllon.""},{""english_label"":""cassia"",""greek_surface"":""κασσίας"",""category"":""aromatic_spice"",""structure_type"":""separate_good"",""confidence"":""high"",""notes"":""Exported in very great quantity.""},{""english_label"":""other fragrance"",""greek_surface"":""ἄλλη εὐωδία"",""category"":""aromatic"",""structure_type"":""separate_good"",""confidence"":""medium"",""notes"":""Generic aromatic fragrance, included because it is listed as export cargo.""},{""english_label"":""aromatics"",""greek_surface"":""ἀρώματα"",""category"":""aromatic"",""structure_type"":""separate_good"",""confidence"":""high"",""notes"":""Export category.""},{""english_label"":""small tortoise shells"",""greek_surface"":""χελωνάρια"",""category"":""animal_product"",""structure_type"":""separate_good"",""confidence"":""high"",""notes"":""A few exported.""},{""english_label"":""mokrotou incense"",""greek_surface"":""μοκρότου"",""category"":""aromatic_resin"",""structure_type"":""separate_good"",""confidence"":""high"",""notes"":""Inferior to the Mundu variety.""},{""english_label"":""far-side frankincense"",""greek_surface"":""λίβανος ὁ περατικὸς"",""category"":""aromatic_resin"",""structure_type"":""compound_entity"",""confidence"":""high"",""notes"":""Export from Mosyllon district.""},{""english_label"":""ivory"",""greek_surface"":""ἐλέφας"",""category"":""animal_product"",""structure_type"":""separate_good"",""confidence"":""high"",""notes"":""Rare export.""},{""english_label"":""myrrh"",""greek_surface"":""σμύρνα"",""category"":""aromatic_resin"",""structure_type"":""separate_good"",""confidence"":""high"",""notes"":""Rare export.""}],""movement_events"":[{""movement_type"":""import_to_port"",""source_place"":null,""destination_place"":""Mosyllon"",""route_or_intermediate_place"":null,""goods"":[""previously mentioned kinds"",""silver ware"",""iron goods"",""glass-stone goods""],""notes"":""Imports into Mosyllon.""},{""movement_type"":""export_from_port"",""source_place"":""Mosyllon"",""destination_place"":null,""route_or_intermediate_place"":null,""goods"":[""cassia"",""other fragrance"",""aromatics"",""small tortoise shells"",""mokrotou incense"",""far-side frankincense"",""ivory"",""myrrh""],""notes"":""Exports from Mosyllon; cassia is especially abundant and requires larger ships.""}]}"
section_0011,text/body/div[urn:cts:greekLit:tlg0071.tlg001.1st1K-grc1]/div[11]/p,anonymous_periplus:text/body/div[urn:cts:greekLit:tlg0071.tlg001.1st1K-grc1]/div[11]/p,11,"{""draft_translation"":""After Mosyllon, two runs farther, one sails past the place called Neiloptolemaion, Tapatage, and a small laurel-grove to Cape Elephant. It has the river called Elephant and the large laurel-grove called Akannai, where far-side frankincense alone grows in the greatest and best quantity."",""places"":[{""greek_surface"":""Μοσύλλου"",""english_label"":""Mosyllon"",""role"":""route_or_intermediate_place"",""notes"":""Previous emporion.""},{""greek_surface"":""Νειλοπτολεμαῖον"",""english_label"":""Neiloptolemaion"",""role"":""route_or_intermediate_place"",""notes"":""Place passed while sailing toward Cape Elephant.""},{""greek_surface"":""ταπατηγη"",""english_label"":""Tapatage"",""role"":""route_or_intermediate_place"",""notes"":""Route place named before Cape Elephant.""},{""greek_surface"":""Ἐλέφας"",""english_label"":""Cape Elephant"",""role"":""route_or_intermediate_place"",""notes"":""Cape after the named route places.""},{""greek_surface"":""Ἐλέφαντα"",""english_label"":""Elephant River"",""role"":""route_or_intermediate_place"",""notes"":""River associated with Cape Elephant.""},{""greek_surface"":""Ἀκάνναι"",""english_label"":""Akannai"",""role"":""source_place"",""notes"":""Large laurel-grove where far-side frankincense grows.""}],""commodity_entities"":[{""english_label"":""far-side frankincense"",""greek_surface"":""λίβανος ὁ περατικὸς"",""category"":""aromatic_resin"",""structure_type"":""compound_entity"",""confidence"":""high"",""notes"":""Said to grow uniquely, abundantly, and excellently at Akannai.""}],""movement_events"":[{""movement_type"":""local_product"",""source_place"":""Akannai"",""destination_place"":null,""route_or_intermediate_place"":""Cape Elephant; Elephant River"",""goods"":[""far-side frankincense""],""notes"":""The passage describes production/growth at Akannai, not shipment.""}]}"
section_0012,text/body/div[urn:cts:greekLit:tlg0071.tlg001.1st1K-grc1]/div[12]/p,anonymous_periplus:text/body/div[urn:cts:greekLit:tlg0071.tlg001.1st1K-grc1]/div[12]/p,12,"{""draft_translation"":""After this, as the coast now turns south, lies the last Aromata trading station and cape of the Barbarian mainland toward the east. Its roadstead is rough and seasonally dangerous in the north wind; when local signs of bad weather appear, sailors withdraw to the great cape and shelter called Tabae. The same previously mentioned wares reach the emporium, and cassia, gizeir, asypha, aromatics, magla, moto, and frankincense are produced there."",""places"":[{""greek_surface"":""τὸ τῶν Ἀρωμάτων ἐμπόριον"",""english_label"":""Aromata emporium"",""role"":""destination port and production market"",""notes"":""Last emporium on this part of the Barbarian mainland.""},{""greek_surface"":""ἀκρωτήριον"",""english_label"":""Aromata cape"",""role"":""cape/landmark"",""notes"":""Associated with the Aromata emporium.""},{""greek_surface"":""Βαρβαρικῆς ἠπείρου"",""english_label"":""Barbarian mainland"",""role"":""region"",""notes"":""Regional setting for the emporium.""},{""greek_surface"":""Τέβαι"",""english_label"":""Tabae"",""role"":""route/intermediate shelter"",""notes"":""Cape or shelter used when bad weather threatens.""}],""commodity_entities"":[{""english_label"":""cassia"",""greek_surface"":""κασσία"",""category"":""aromatic"",""structure_type"":""simple"",""confidence"":""high"",""notes"":""Listed among goods produced at the emporium.""},{""english_label"":""gizeir"",""greek_surface"":""γίζειρ"",""category"":""aromatic"",""structure_type"":""simple"",""confidence"":""medium"",""notes"":""Specialized aromatic term retained transliterated.""},{""english_label"":""asypha"",""greek_surface"":""ἀσύφη"",""category"":""aromatic"",""structure_type"":""simple"",""confidence"":""medium"",""notes"":""Specialized aromatic term retained transliterated.""},{""english_label"":""aromatics"",""greek_surface"":""ἄρωμα"",""category"":""aromatic"",""structure_type"":""generic material"",""confidence"":""high"",""notes"":""Generic aromatic product in a list of local goods.""},{""english_label"":""magla"",""greek_surface"":""μάγλα"",""category"":""aromatic"",""structure_type"":""simple"",""confidence"":""medium"",""notes"":""Specialized aromatic term retained transliterated.""},{""english_label"":""moto"",""greek_surface"":""μοτὼ"",""category"":""aromatic"",""structure_type"":""simple"",""confidence"":""medium"",""notes"":""Specialized aromatic term retained transliterated.""},{""english_label"":""frankincense"",""greek_surface"":""λίβανος"",""category"":""aromatic resin"",""structure_type"":""simple"",""confidence"":""high"",""notes"":""Listed as produced at the emporium.""}],""movement_events"":[{""movement_type"":""local_production"",""source_place"":""Aromata emporium"",""destination_place"":""Aromata emporium"",""route_or_intermediate_place"":""Tabae"",""goods"":[""cassia"",""gizeir"",""asypha"",""aromatics"",""magla"",""moto"",""frankincense""],""notes"":""The passage says these goods are produced in the emporium; previously mentioned wares also reach it but are not named in this row.""}]}"
section_0013,text/body/div[urn:cts:greekLit:tlg0071.tlg001.1st1K-grc1]/div[13]/p,anonymous_periplus:text/body/div[urn:cts:greekLit:tlg0071.tlg001.1st1K-grc1]/div[13]/p,13,"{""draft_translation"":""From Tabae, after sailing four hundred stades around a peninsula where the current draws, there is another emporium, Opone. The previously mentioned wares reach it too, and especially cassia, aromatics, moto, and a very large and distinctive supply of tortoise-shell are produced there. The passage also mentions better enslaved persons going especially to Egypt, but they are not treated here as goods or materials."",""places"":[{""greek_surface"":""Τάβαι"",""english_label"":""Tabae"",""role"":""source/route point"",""notes"":""Starting point for the sail to Opone.""},{""greek_surface"":""Ὀπώνη"",""english_label"":""Opone"",""role"":""destination port and production market"",""notes"":""Emporium reached after sailing from Tabae.""},{""greek_surface"":""Aἴγυπτον"",""english_label"":""Egypt"",""role"":""destination market"",""notes"":""Mentioned only for enslaved persons, excluded from commodity extraction.""}],""commodity_entities"":[{""english_label"":""cassia"",""greek_surface"":""κασσία"",""category"":""aromatic"",""structure_type"":""simple"",""confidence"":""high"",""notes"":""Produced especially at Opone.""},{""english_label"":""aromatics"",""greek_surface"":""ἄρωμα"",""category"":""aromatic"",""structure_type"":""generic material"",""confidence"":""high"",""notes"":""Produced especially at Opone.""},{""english_label"":""moto"",""greek_surface"":""μοτὼ"",""category"":""aromatic"",""structure_type"":""simple"",""confidence"":""medium"",""notes"":""Specialized aromatic term retained transliterated.""},{""english_label"":""tortoise-shell"",""greek_surface"":""χελώνη"",""category"":""animal material"",""structure_type"":""simple"",""confidence"":""high"",""notes"":""Abundant and distinct from other varieties.""}],""movement_events"":[{""movement_type"":""local_production"",""source_place"":""Opone"",""destination_place"":""Opone"",""route_or_intermediate_place"":""Tabae"",""goods"":[""cassia"",""aromatics"",""moto"",""tortoise-shell""],""notes"":""Goods are described as produced at Opone; unnamed previously mentioned goods also reach the port.""}]}"
section_0014,text/body/div[urn:cts:greekLit:tlg0071.tlg001.1st1K-grc1]/div[14]/p,anonymous_periplus:text/body/div[urn:cts:greekLit:tlg0071.tlg001.1st1K-grc1]/div[14]/p,14,"{""draft_translation"":""Sailings to all these overseas emporia are made from Egypt around July, the month Epiphi. Outfitting also normally comes from the inland places, Ariake and Barygaza, carrying to the same overseas emporia wheat, rice, butter, sesame oil, cotton cloth of the monache and sagmatogene kinds, girdles, and sugarcane honey called sugar. Some sail directly to these emporia, while others exchange any cargoes encountered during the coasting voyage. The area is not under one king but is governed by local rulers at each emporium."",""places"":[{""greek_surface"":""Αἰγύπτου"",""english_label"":""Egypt"",""role"":""source sailing region"",""notes"":""Ships sail from Egypt toward the overseas emporia.""},{""greek_surface"":""τὰ τοῦ πέραν ἐμπόρια"",""english_label"":""overseas emporia"",""role"":""destination markets"",""notes"":""Collective destination for the trade described.""},{""greek_surface"":""Ἀριακῆς"",""english_label"":""Ariake"",""role"":""source region"",""notes"":""Inland source for outfitting goods.""},{""greek_surface"":""Βαρυγάζων"",""english_label"":""Barygaza"",""role"":""source port/region"",""notes"":""Source for outfitting goods sent to the overseas emporia.""}],""commodity_entities"":[{""english_label"":""wheat"",""greek_surface"":""σῖτος"",""category"":""foodstuff"",""structure_type"":""simple"",""confidence"":""high"",""notes"":""One item in the outfitting list.""},{""english_label"":""rice"",""greek_surface"":""ὄρυζα"",""category"":""foodstuff"",""structure_type"":""simple"",""confidence"":""high"",""notes"":""One item in the outfitting list.""},{""english_label"":""butter"",""greek_surface"":""βούτυρον"",""category"":""foodstuff"",""structure_type"":""simple"",""confidence"":""high"",""notes"":""Probably clarified butter or ghee in trade context.""},{""english_label"":""sesame oil"",""greek_surface"":""ἔλαιον σησάμινον"",""category"":""oil"",""structure_type"":""compound"",""confidence"":""high"",""notes"":""Compound noun phrase preserved.""},{""english_label"":""cotton cloth, monache type"",""greek_surface"":""ὀθόνιον ἡ μοναχή"",""category"":""textile"",""structure_type"":""appositional subtype"",""confidence"":""medium"",""notes"":""One named cloth type in the coordinated textile phrase.""},{""english_label"":""cotton cloth, sagmatogene type"",""greek_surface"":""ὀθόνιον ἡ σαγματογήνη"",""category"":""textile"",""structure_type"":""appositional subtype"",""confidence"":""medium"",""notes"":""Second named cloth type in the coordinated textile phrase.""},{""english_label"":""girdles"",""greek_surface"":""περιζώματα"",""category"":""textile/apparel"",""structure_type"":""simple"",""confidence"":""high"",""notes"":""Separate item in the list.""},{""english_label"":""sugarcane honey called sugar"",""greek_surface"":""μέλι τὸ καλάμινον τὸ λεγόμενον σάκχαρι"",""category"":""sweetener"",""structure_type"":""compound with apposition"",""confidence"":""high"",""notes"":""Compound expression and appositional name preserved as one entity.""}],""movement_events"":[{""movement_type"":""outfitting/export"",""source_place"":""Ariake and Barygaza"",""destination_place"":""overseas emporia"",""route_or_intermediate_place"":""Egyptian/Red Sea sailing route"",""goods"":[""wheat"",""rice"",""butter"",""sesame oil"",""cotton cloth, monache type"",""cotton cloth, sagmatogene type"",""girdles"",""sugarcane honey called sugar""],""notes"":""The passage says these goods are normally outfitted from inland places and Barygaza for the overseas emporia.""}]}"
section_0015,text/body/div[urn:cts:greekLit:tlg0071.tlg001.1st1K-grc1]/div[15]/p,anonymous_periplus:text/body/div[urn:cts:greekLit:tlg0071.tlg001.1st1K-grc1]/div[15]/p,15,"{""draft_translation"":""From Opone the coast turns farther south through the Little and Great Bluffs of Azania, beaches, Sarapion, Nikon, many rivers and successive harbors, the Pyralaon islands, and the channel. Beyond this, after two days and nights toward the west, lies the island Menuthias, low and wooded, with rivers, many birds, and mountain tortoise-shell. It has sewn boats and dugouts used for fishing and for hunting tortoise-shell, which is caught with baskets instead of nets near rocky mouths."",""places"":[{""greek_surface"":""Ὀπώνης"",""english_label"":""Opone"",""role"":""source/route point"",""notes"":""Starting point for the southward coastal route.""},{""greek_surface"":""Ἀζανίας"",""english_label"":""Azania"",""role"":""region"",""notes"":""Region containing the named coastal stages.""},{""greek_surface"":""μικρὰ Ἀπόκοπα καὶ μεγάλα"",""english_label"":""Little and Great Bluffs"",""role"":""route/intermediate places"",""notes"":""Early stages after Opone.""},{""greek_surface"":""Αἰγιαλὸς καὶ μικρὸς καὶ μέγας"",""english_label"":""Small and Great Beach"",""role"":""route/intermediate places"",""notes"":""Coastal stages in Azania.""},{""greek_surface"":""Σαραπίωνος"",""english_label"":""Sarapion"",""role"":""route/intermediate place"",""notes"":""Named stage in the Azanian run.""},{""greek_surface"":""Νίκωνος"",""english_label"":""Nikon"",""role"":""route/intermediate place"",""notes"":""Named stage after Sarapion.""},{""greek_surface"":""Πυραλάων νήσων"",""english_label"":""Pyralaon islands"",""role"":""route/intermediate place"",""notes"":""Island group before the channel.""},{""greek_surface"":""διώρυχος"",""english_label"":""the channel"",""role"":""route/intermediate place"",""notes"":""Point from which Menuthias is reached.""},{""greek_surface"":""Μενουθιὰς"",""english_label"":""Menuthias"",""role"":""source place"",""notes"":""Island with tortoise-shell hunting.""}],""commodity_entities"":[{""english_label"":""mountain tortoise-shell"",""greek_surface"":""χελώνη ὀρεινή"",""category"":""animal material"",""structure_type"":""compound"",""confidence"":""high"",""notes"":""Resource on Menuthias; birds and crocodiles are not extracted as goods.""}],""movement_events"":[{""movement_type"":""local_harvest"",""source_place"":""Menuthias"",""destination_place"":""Menuthias"",""route_or_intermediate_place"":""Azanian coastal route"",""goods"":[""mountain tortoise-shell""],""notes"":""The passage describes local capture/hunting rather than an explicit export movement.""}]}"
section_0016,text/body/div[urn:cts:greekLit:tlg0071.tlg001.1st1K-grc1]/div[16]/p,anonymous_periplus:text/body/div[urn:cts:greekLit:tlg0071.tlg001.1st1K-grc1]/div[16]/p,16,"{""draft_translation"":""Two runs from Menuthias lies Rhapta, the last emporium of Azania, named from the sewn boats just mentioned. There is very much ivory and tortoise-shell there. The people are large-bodied and locally governed, while the Mopharite ruler administers the area under an old claim of the kingdom of First Arabia. People from Muza hold it as a dependency from the king and send many small craft there with Arab captains and agents who know the places and language through familiarity and marriage connections."",""places"":[{""greek_surface"":""Ῥαπτὰ"",""english_label"":""Rhapta"",""role"":""destination port and production market"",""notes"":""Last emporium of Azania; named from sewn boats.""},{""greek_surface"":""Ἀζανίας"",""english_label"":""Azania"",""role"":""region"",""notes"":""Rhapta is described as the furthest emporium of Azania.""},{""greek_surface"":""Μούζα"",""english_label"":""Muza"",""role"":""source port"",""notes"":""Sends small craft to Rhapta.""},{""greek_surface"":""πρώτης γινομένης Ἀραβίας"",""english_label"":""First Arabia"",""role"":""political source region"",""notes"":""Political authority over the area, not a commodity source.""}],""commodity_entities"":[{""english_label"":""ivory"",""greek_surface"":""ἐλέφας"",""category"":""animal material"",""structure_type"":""simple"",""confidence"":""high"",""notes"":""In this trade context ἐλέφας denotes elephant ivory rather than live animals.""},{""english_label"":""tortoise-shell"",""greek_surface"":""χελώνη"",""category"":""animal material"",""structure_type"":""simple"",""confidence"":""high"",""notes"":""Listed as abundant at Rhapta.""}],""movement_events"":[{""movement_type"":""local_production"",""source_place"":""Rhapta"",""destination_place"":""Rhapta"",""route_or_intermediate_place"":""Azanian coast"",""goods"":[""ivory"",""tortoise-shell""],""notes"":""Goods are stated to be abundant at Rhapta.""},{""movement_type"":""shipping/outfitting"",""source_place"":""Muza"",""destination_place"":""Rhapta"",""route_or_intermediate_place"":""Azanian coast"",""goods"":[],""notes"":""Small craft are sent from Muza, but this row does not name their cargo.""}]}"
section_0017,text/body/div[urn:cts:greekLit:tlg0071.tlg001.1st1K-grc1]/div[17]/p,anonymous_periplus:text/body/div[urn:cts:greekLit:tlg0071.tlg001.1st1K-grc1]/div[17]/p,17,"{""draft_translation"":""Into these emporia are brought chiefly the locally manufactured goods of Muza: lances, axes, knives, awls, and many kinds of glass stones. To some places they also bring wine and a good deal of grain, not for trade but for expenditure in gifts or goodwill toward the local people. From the places are exported very much ivory, inferior to that of Adulis, rhinoceros horn, tortoise-shell second to the Indian kind, and a little nautilus shell."",""places"":[{""greek_surface"":""τὰ ἐμπόρια ταῦτα"",""english_label"":""these Azanian emporia"",""role"":""destination ports and source markets"",""notes"":""Refers back to the Rhapta/Azanian emporia.""},{""greek_surface"":""Μούζα"",""english_label"":""Muza"",""role"":""source port/manufacturing place"",""notes"":""Local source of manufactured import goods.""},{""greek_surface"":""Ἀθουλιτικοῦ"",""english_label"":""Adulis"",""role"":""comparison port"",""notes"":""Used only to compare the quality/size of ivory.""},{""greek_surface"":""Ἰνδικὴν"",""english_label"":""India"",""role"":""comparison region"",""notes"":""Used only to compare tortoise-shell quality.""}],""commodity_entities"":[{""english_label"":""lances"",""greek_surface"":""λόγχη"",""category"":""weapon/metalwork"",""structure_type"":""simple"",""confidence"":""high"",""notes"":""Manufactured locally at Muza and imported to the emporia.""},{""english_label"":""axes"",""greek_surface"":""πελύκια"",""category"":""tool/metalwork"",""structure_type"":""simple"",""confidence"":""high"",""notes"":""Manufactured import item from Muza.""},{""english_label"":""knives"",""greek_surface"":""μαχαίρια"",""category"":""tool/weapon"",""structure_type"":""simple"",""confidence"":""high"",""notes"":""Manufactured import item from Muza.""},{""english_label"":""awls"",""greek_surface"":""ὀπήτια"",""category"":""tool/metalwork"",""structure_type"":""simple"",""confidence"":""medium"",""notes"":""Specialized tool term; translation uncertain but treated as a manufactured item.""},{""english_label"":""glass stones"",""greek_surface"":""λιθίας ὑαλῆς πλείονα γένη"",""category"":""glass/bead material"",""structure_type"":""compound"",""confidence"":""medium"",""notes"":""Phrase describes multiple kinds of glassy stones or beads.""},{""english_label"":""wine"",""greek_surface"":""οἶνός"",""category"":""drink"",""structure_type"":""simple"",""confidence"":""high"",""notes"":""Brought to some places for gift/expenditure rather than commercial sale.""},{""english_label"":""grain"",""greek_surface"":""σῑτος"",""category"":""foodstuff"",""structure_type"":""simple"",""confidence"":""high"",""notes"":""Brought to some places for gift/expenditure rather than commercial sale.""},{""english_label"":""ivory"",""greek_surface"":""ἐλέφας"",""category"":""animal material"",""structure_type"":""simple"",""confidence"":""high"",""notes"":""Exported from these places; described as less than the Adulis variety.""},{""english_label"":""rhinoceros horn"",""greek_surface"":""ῥινόκερως"",""category"":""animal material"",""structure_type"":""simple"",""confidence"":""medium"",""notes"":""Likely rhinoceros horn or related material in export list.""},{""english_label"":""tortoise-shell"",""greek_surface"":""χελώνη"",""category"":""animal material"",""structure_type"":""simple"",""confidence"":""high"",""notes"":""Exported variety compared after the Indian kind.""},{""english_label"":""nautilus shell"",""greek_surface"":""ναύπλιος"",""category"":""shell material"",""structure_type"":""simple"",""confidence"":""medium"",""notes"":""Small quantity exported.""}],""movement_events"":[{""movement_type"":""import"",""source_place"":""Muza"",""destination_place"":""these Azanian emporia"",""route_or_intermediate_place"":""Azanian coast"",""goods"":[""lances"",""axes"",""knives"",""awls"",""glass stones"",""wine"",""grain""],""notes"":""Wine and grain are included because they are moved as consumable supplies/gifts, not because the passage presents them as commercial profit goods.""},{""movement_type"":""export"",""source_place"":""these Azanian emporia"",""destination_place"":null,""route_or_intermediate_place"":""Azanian coast"",""goods"":[""ivory"",""rhinoceros horn"",""tortoise-shell"",""nautilus shell""],""notes"":""Destination is not named in this row.""}]}"
section_0018,text/body/div[urn:cts:greekLit:tlg0071.tlg001.1st1K-grc1]/div[18]/p,anonymous_periplus:text/body/div[urn:cts:greekLit:tlg0071.tlg001.1st1K-grc1]/div[18]/p,18,"{""draft_translation"":""These are almost the last emporia of Azania on the mainland to the right of Berenice. Beyond these places the unexplored ocean turns west and, running along the remote parts of Ethiopia, Libya, and Africa toward the south, joins the western sea."",""places"":[],""commodity_entities"":[],""movement_events"":[]}"
section_0019,text/body/div[urn:cts:greekLit:tlg0071.tlg001.1st1K-grc1]/div[19]/p,anonymous_periplus:text/body/div[urn:cts:greekLit:tlg0071.tlg001.1st1K-grc1]/div[19]/p,19,"{""draft_translation"":""On the left from Berenice, after crossing the adjoining gulf eastward from Myos Hormos in two or three runs, there is another harbor and fort called Leuke Kome. Through it runs a road to Petra and to Malichus, king of the Nabataeans. Leuke Kome also has something of an emporium arrangement for the not very large ships outfitted from Arabia; therefore a collector of the quarter-duty on incoming cargoes and a centurion with troops are sent there for guard duty."",""places"":[{""greek_surface"":""Βερνίκης"",""english_label"":""Berenice"",""role"":""route reference/source region"",""notes"":""Orientation point for the left-hand route.""},{""greek_surface"":""Μυὸς ὅρμου"",""english_label"":""Myos Hormos"",""role"":""source harbor"",""notes"":""Starting harbor for the crossing described.""},{""greek_surface"":""Λευκὴ κώμη"",""english_label"":""Leuke Kome"",""role"":""destination port and customs station"",""notes"":""Harbor/fort with an emporium-like status.""},{""greek_surface"":""Πέτραν"",""english_label"":""Petra"",""role"":""inland destination"",""notes"":""Reached by road through Leuke Kome.""},{""greek_surface"":""Ἀραβίας"",""english_label"":""Arabia"",""role"":""source region"",""notes"":""Ships are outfitted from Arabia for Leuke Kome.""}],""commodity_entities"":[],""movement_events"":[{""movement_type"":""shipping/outfitting"",""source_place"":""Arabia"",""destination_place"":""Leuke Kome"",""route_or_intermediate_place"":""Red Sea gulf crossing from Myos Hormos"",""goods"":[],""notes"":""Cargoes are mentioned only generically as incoming freight; no specific goods are named.""}]}"
section_0020,text/body/div[urn:cts:greekLit:tlg0071.tlg001.1st1K-grc1]/div[20]/p,anonymous_periplus:text/body/div[urn:cts:greekLit:tlg0071.tlg001.1st1K-grc1]/div[20]/p,20,"{""draft_translation"":""Immediately after Leuke Kome the Arabian country extends for a long distance along the Red Sea. Different peoples live there, the coast being occupied like fish-eater settlements and the interior by villages and nomadic groups. The passage describes dangers of robbery, enslavement, wrecking, lack of harbors, reefs, shoals, and the safer mid-channel course toward the Burnt Island, after which come more settled peoples, herds, and camels."",""places"":[],""commodity_entities"":[],""movement_events"":[]}"
section_0021,text/body/div[urn:cts:greekLit:tlg0071.tlg001.1st1K-grc1]/div[21]/p,anonymous_periplus:text/body/div[urn:cts:greekLit:tlg0071.tlg001.1st1K-grc1]/div[21]/p,21,"{""draft_translation"":""After these, in the innermost gulf on the left side of this sea, lies Muza, a lawful seaside emporium, about twelve thousand stades from Berenice when sailing south. It is filled with Arab shipowners and sailors and is active in commercial affairs, since they participate both in the overseas trade and in the trade of Barygaza with their own outfitting arrangements."",""places"":[{""greek_surface"":""Μούζα"",""english_label"":""Muza"",""role"":""destination port and trading market"",""notes"":""Legal seaside emporium and commercial center.""},{""greek_surface"":""Βερνίκης"",""english_label"":""Berenice"",""role"":""route reference/source region"",""notes"":""Distance reference for sailing south to Muza.""},{""greek_surface"":""τῇ τοῦ πέραν ἐργασίᾳ"",""english_label"":""overseas trade"",""role"":""trade route/context"",""notes"":""General overseas commercial sphere, not a named port.""},{""greek_surface"":""Βαρυγάζων"",""english_label"":""Barygaza"",""role"":""trade partner/source-destination port"",""notes"":""Muza participates in Barygaza trade through its own outfitting.""}],""commodity_entities"":[],""movement_events"":[{""movement_type"":""trade_participation"",""source_place"":""Muza"",""destination_place"":""overseas emporia and Barygaza"",""route_or_intermediate_place"":""Red Sea and Indian Ocean routes"",""goods"":[],""notes"":""The row describes commercial participation and outfitting but gives no specific goods.""}]}"
section_0022,text/body/div[urn:cts:greekLit:tlg0071.tlg001.1st1K-grc1]/div[22]/p,anonymous_periplus:text/body/div[urn:cts:greekLit:tlg0071.tlg001.1st1K-grc1]/div[22]/p,22,"{""draft_translation"":""Above Muza, three days inland, lies the city Saua in the region called Mapharitis, and its resident ruler is Cholaibos."",""places"":[],""commodity_entities"":[],""movement_events"":[]}"
section_0023,text/body/div[urn:cts:greekLit:tlg0071.tlg001.1st1K-grc1]/div[23]/p,anonymous_periplus:text/body/div[urn:cts:greekLit:tlg0071.tlg001.1st1K-grc1]/div[23]/p,23,"{""draft_translation"":""After another nine days comes Saphar, a metropolis where Charibael, lawful king of two peoples, the Homerite and the neighboring so-called Sabaite, maintains friendship with the emperors through repeated embassies and gifts."",""places"":[{""greek_surface"":""Σαφὰρ"",""english_label"":""Saphar"",""role"":""metropolis"",""notes"":""Named inland or metropolitan center reached after the preceding route interval.""},{""greek_surface"":""Ὁμηρίτου"",""english_label"":""Homerite territory or people"",""role"":""kingdom_or_people"",""notes"":""One of the two peoples ruled by Charibael.""},{""greek_surface"":""Σαβαΐτου"",""english_label"":""Sabaite territory or people"",""role"":""neighboring_kingdom_or_people"",""notes"":""The neighboring people or region paired with the Homerite realm.""}],""commodity_entities"":[],""movement_events"":[]}"
section_0024,text/body/div[urn:cts:greekLit:tlg0071.tlg001.1st1K-grc1]/div[24]/p,anonymous_periplus:text/body/div[urn:cts:greekLit:tlg0071.tlg001.1st1K-grc1]/div[24]/p,24,"{""draft_translation"":""Muza is a trading station without a harbor but with good roadsteads and anchorages because of the sandy ground around it. Into it go purple cloth, Arabian garments, saffron, cyperus, linen, cloaks, blankets, girdles, moderate perfume, money, wine, and some grain; the local country also produces wheat and more wine. For the king and tyrant are given horses, pack mules, gold objects, turned silver objects, costly clothing, and copper manufactures. From Muza are exported local choice myrrh, stacte myrrh, and lybdos, together with the previously mentioned cargoes from the Adulis side. The suitable sailing to it is around September, though earlier is possible."",""places"":[{""greek_surface"":""Μούζα"",""english_label"":""Muza"",""role"":""destination_port_and_export_port"",""notes"":""Main emporium for the section; imports arrive there and local products are exported from it.""},{""greek_surface"":""ἡ χώρα"",""english_label"":""the local country around Muza"",""role"":""production_source"",""notes"":""Produces wheat moderately and wine in greater quantity.""},{""greek_surface"":""τῷ βασιλεῖ καὶ τῷ τυράννῳ"",""english_label"":""the king and the tyrant at Muza"",""role"":""elite_destination"",""notes"":""Recipients of special prestige goods and animals.""},{""greek_surface"":""Ἀδουλὶ"",""english_label"":""Adulis side"",""role"":""referenced_source_region"",""notes"":""The text points back to five cargoes previously described from the opposite side near Adulis.""}],""commodity_entities"":[{""english_label"":""purple cloth, fine and common"",""greek_surface"":""πορφύρα, διάφορος καὶ χυδαία"",""category"":""textile_dye_or_colored_textile"",""structure_type"":""compound_with_quality_variants"",""confidence"":0.94,""notes"":""A coordinated quality pair attached to purple goods.""},{""english_label"":""Arabian sleeved garments, plain and common"",""greek_surface"":""ἱματισμὸς Ἀραβικὸς χειριδωτὸς"",""category"":""textile_clothing"",""structure_type"":""compound_with_origin_and_form"",""confidence"":0.95,""notes"":""Includes the following plain and common variants as part of the clothing entry.""},{""english_label"":""checkered Arabian garments"",""greek_surface"":""σκοτουλάτος"",""category"":""textile_clothing"",""structure_type"":""variant_in_coordinated_textile_list"",""confidence"":0.86,""notes"":""A textile variant in the Arabian clothing list.""},{""english_label"":""gold-embroidered Arabian garments"",""greek_surface"":""διάχρυσος"",""category"":""textile_clothing"",""structure_type"":""variant_in_coordinated_textile_list"",""confidence"":0.88,""notes"":""A decorative textile variant in the same clothing list.""},{""english_label"":""saffron"",""greek_surface"":""κρόκος"",""category"":""aromatic_dye_spice"",""structure_type"":""simple_entity"",""confidence"":0.95,""notes"":""Imported into Muza.""},{""english_label"":""cyperus"",""greek_surface"":""κύπερος"",""category"":""aromatic_plant"",""structure_type"":""simple_entity"",""confidence"":0.92,""notes"":""Imported into Muza.""},{""english_label"":""linen cloth"",""greek_surface"":""ὀθόνιον"",""category"":""textile_cloth"",""structure_type"":""simple_entity"",""confidence"":0.93,""notes"":""Imported into Muza.""},{""english_label"":""abollai cloaks"",""greek_surface"":""ἀβόλλαι"",""category"":""textile_clothing"",""structure_type"":""simple_entity"",""confidence"":0.9,""notes"":""Imported garment type.""},{""english_label"":""lodikes blankets or coverlets"",""greek_surface"":""λώδιικες"",""category"":""textile_clothing"",""structure_type"":""simple_entity_with_quantity_note"",""confidence"":0.86,""notes"":""Said to be not many, simple, and local.""},{""english_label"":""shadow-patterned girdles"",""greek_surface"":""ζῶναι σκιωταὶ"",""category"":""textile_accessory"",""structure_type"":""compound_with_quality"",""confidence"":0.82,""notes"":""Belt or girdle item in the import list.""},{""english_label"":""perfume"",""greek_surface"":""μύρον μέτριον"",""category"":""aromatic_preparation"",""structure_type"":""simple_entity_with_quantity_note"",""confidence"":0.92,""notes"":""Imported in moderate amount.""},{""english_label"":""money"",""greek_surface"":""χρῆμα ἱκανὸν"",""category"":""money_metal"",""structure_type"":""simple_entity_with_quantity_note"",""confidence"":0.84,""notes"":""Money is listed among imports, in sufficient quantity.""},{""english_label"":""wine"",""greek_surface"":""οἶνός"",""category"":""food_drink"",""structure_type"":""simple_entity"",""confidence"":0.93,""notes"":""Imported in the list and also produced locally in greater quantity.""},{""english_label"":""grain"",""greek_surface"":""σῖτος"",""category"":""food_grain"",""structure_type"":""simple_entity"",""confidence"":0.91,""notes"":""Imported in small amount.""},{""english_label"":""wheat"",""greek_surface"":""πυρὸν"",""category"":""food_grain"",""structure_type"":""simple_entity"",""confidence"":0.91,""notes"":""Local production around Muza is moderate.""},{""english_label"":""horses"",""greek_surface"":""ἵπποι"",""category"":""live_animal_transport"",""structure_type"":""simple_entity"",""confidence"":0.94,""notes"":""Given to the king and tyrant.""},{""english_label"":""pack mules"",""greek_surface"":""ἡμίονοι νωτηγοὶ"",""category"":""live_animal_transport"",""structure_type"":""compound_with_use"",""confidence"":0.94,""notes"":""Mules specified as load-bearing animals.""},{""english_label"":""gold objects"",""greek_surface"":""χρυσώματα"",""category"":""metalwork_luxury"",""structure_type"":""simple_entity"",""confidence"":0.9,""notes"":""Prestige items for rulers.""},{""english_label"":""turned silver objects"",""greek_surface"":""τορνευτὰ ἀργυρώματα"",""category"":""metalwork_luxury"",""structure_type"":""compound_with_manufacture"",""confidence"":0.93,""notes"":""Worked silver objects for rulers.""},{""english_label"":""costly clothing"",""greek_surface"":""ἱματισμὸς πολυτελὴς"",""category"":""textile_clothing"",""structure_type"":""compound_with_quality"",""confidence"":0.91,""notes"":""Prestige clothing for rulers.""},{""english_label"":""copper manufactures"",""greek_surface"":""χαλκουργήματα"",""category"":""metalwork"",""structure_type"":""simple_entity"",""confidence"":0.91,""notes"":""Worked copper items for rulers.""},{""english_label"":""choice myrrh"",""greek_surface"":""σμύρνα ἐκλεκτὴ"",""category"":""aromatic_resin"",""structure_type"":""compound_with_quality"",""confidence"":0.96,""notes"":""Local export from Muza.""},{""english_label"":""stacte myrrh, Abirminaian"",""greek_surface"":""στακτὴ ἀβειρμιναία"",""category"":""aromatic_resin"",""structure_type"":""compound_with_variety_or_origin"",""confidence"":0.9,""notes"":""A named stacte variety in the export list.""},{""english_label"":""lybdos"",""greek_surface"":""λύγδος"",""category"":""stone_or_mineral"",""structure_type"":""simple_entity"",""confidence"":0.72,""notes"":""Exported local material; identification is kept transliterated because the material is uncertain.""}],""movement_events"":[{""movement_type"":""import"",""source_place"":""unspecified external suppliers, including Egypt-facing trade routes"",""destination_place"":""Muza"",""route_or_intermediate_place"":null,""goods"":[""purple cloth, fine and common"",""Arabian sleeved garments, plain and common"",""checkered Arabian garments"",""gold-embroidered Arabian garments"",""saffron"",""cyperus"",""linen cloth"",""abollai cloaks"",""lodikes blankets or coverlets"",""shadow-patterned girdles"",""perfume"",""money"",""wine"",""grain""],""notes"":""The first cargo list is introduced as goods going into Muza.""},{""movement_type"":""local_production"",""source_place"":""the local country around Muza"",""destination_place"":""Muza"",""route_or_intermediate_place"":null,""goods"":[""wheat"",""wine""],""notes"":""The country is said to produce wheat moderately and more wine.""},{""movement_type"":""royal_gift_or_import"",""source_place"":""unspecified external suppliers"",""destination_place"":""the king and tyrant at Muza"",""route_or_intermediate_place"":null,""goods"":[""horses"",""pack mules"",""gold objects"",""turned silver objects"",""costly clothing"",""copper manufactures""],""notes"":""The items are explicitly given to the local rulers.""},{""movement_type"":""export"",""source_place"":""Muza and its local hinterland"",""destination_place"":""unspecified outbound markets"",""route_or_intermediate_place"":""Adulis side referenced for earlier cargoes"",""goods"":[""choice myrrh"",""stacte myrrh, Abirminaian"",""lybdos""],""notes"":""The named local exports are followed by a cross-reference to five previously described Adulis-side cargoes.""}]}"
section_0025,text/body/div[urn:cts:greekLit:tlg0071.tlg001.1st1K-grc1]/div[25]/p,anonymous_periplus:text/body/div[urn:cts:greekLit:tlg0071.tlg001.1st1K-grc1]/div[25]/p,25,"{""draft_translation"":""After this, sailing about three hundred stades, where Arabia and the Barbarian country opposite near Avalites draw together, there is a short channel that narrows the sea; Diodorus island lies in the passage, making the crossing rough because of winds from the nearby mountains. At this isthmus is Okelis, an Arabian coastal village under the same tyranny, not so much a trading station as an anchorage, watering place, and first landing for those sailing inward."",""places"":[{""greek_surface"":""Ἀραβικῆς ἠπείρου"",""english_label"":""Arabian mainland"",""role"":""coastal_region"",""notes"":""One side of the narrowing channel.""},{""greek_surface"":""Aὐαλίτην Βαρβαρικῆς χώρας"",""english_label"":""Barbarian country near Avalites"",""role"":""opposite_coastal_region"",""notes"":""Opposite side of the channel.""},{""greek_surface"":""Διοδώρου"",""english_label"":""Diodorus island"",""role"":""route_intermediate_place"",""notes"":""Island in the middle of the passage.""},{""greek_surface"":""Ὄκηλις"",""english_label"":""Okelis"",""role"":""anchorage_and_watering_place"",""notes"":""Described as a village, harbor, watering point, and first landing rather than a true emporium.""}],""commodity_entities"":[],""movement_events"":[]}"
section_0026,text/body/div[urn:cts:greekLit:tlg0071.tlg001.1st1K-grc1]/div[26]/p,anonymous_periplus:text/body/div[urn:cts:greekLit:tlg0071.tlg001.1st1K-grc1]/div[26]/p,26,"{""draft_translation"":""After Okelis, as the sea opens eastward into the open water, after about twelve hundred stades lies Eudaimon Arabia, a coastal village of Charibael's kingdom. It has good water and is the first meeting point for those coming from outside and for those departing from the interior. It was called Eudaimon because formerly, before direct sailings from India to Egypt and from Egypt across the sea, it received the cargoes from both sides, as Alexandria now receives goods from abroad and Egypt sends goods onward."",""places"":[{""greek_surface"":""Ὄκηλιν"",""english_label"":""Okelis"",""role"":""previous_route_place"",""notes"":""Departure point for the route described in this section.""},{""greek_surface"":""Εὐδαίμων Ἀραβία"",""english_label"":""Eudaimon Arabia"",""role"":""coastal_station_and_former_transshipment_place"",""notes"":""Coastal village with good water and a former transshipment role.""},{""greek_surface"":""Ἰνδίας"",""english_label"":""India"",""role"":""former_source_region"",""notes"":""One side of the older indirect exchange route.""},{""greek_surface"":""Aἰγύπτου"",""english_label"":""Egypt"",""role"":""former_destination_or_source_region"",""notes"":""The opposite side in the older indirect exchange system.""},{""greek_surface"":""Ἀλεξάνδρεια"",""english_label"":""Alexandria"",""role"":""comparison_port"",""notes"":""Used as a comparison for receiving external cargoes and dispatching Egyptian cargoes.""}],""commodity_entities"":[],""movement_events"":[{""movement_type"":""former_transshipment"",""source_place"":""India and other overseas regions"",""destination_place"":""Egypt and outward markets"",""route_or_intermediate_place"":""Eudaimon Arabia"",""goods"":[],""notes"":""The passage describes cargo movement in general but names no specific trade goods, so no commodity entities are extracted.""}]}"
section_0027,text/body/div[urn:cts:greekLit:tlg0071.tlg001.1st1K-grc1]/div[27]/p,anonymous_periplus:text/body/div[urn:cts:greekLit:tlg0071.tlg001.1st1K-grc1]/div[27]/p,27,"{""draft_translation"":""After Eudaimon Arabia there follows a long connected shore with bays for more than two thousand stades, inhabited by nomads and fish-eaters. Beyond the Calai islands is another coastal place, Canê, in the kingdom of Eleazus and the frankincense-bearing country; opposite it lie two desert islands, Bird Island and Dome Island. Inland above it is Sabbatha, where the king lives. All the frankincense produced in the country is brought into Canê as if to a storehouse, by rafts supported on inflated skins in the local manner and by boats. Canê trades with the emporia across the sea, with Barygaza, Scythia, Omana, and neighboring Persis."",""places"":[{""greek_surface"":""Εὐδαίμονος Ἀραβικῆς"",""english_label"":""Eudaimon Arabia"",""role"":""previous_route_place"",""notes"":""Starting reference for the coast described here.""},{""greek_surface"":""Κανὴ"",""english_label"":""Canê"",""role"":""destination_port_and_storehouse"",""notes"":""Coastal place where the country's frankincense is gathered and from which trade connections run.""},{""greek_surface"":""χώρας λιβανωτοφόρου"",""english_label"":""frankincense-bearing country"",""role"":""production_source_region"",""notes"":""Source region for the frankincense gathered at Canê.""},{""greek_surface"":""Ὀρνέων νῆσος"",""english_label"":""Bird Island"",""role"":""offshore_route_place"",""notes"":""One of two desert islands opposite Canê.""},{""greek_surface"":""Τρουλλὰ"",""english_label"":""Dome Island"",""role"":""offshore_route_place"",""notes"":""Second desert island opposite Canê.""},{""greek_surface"":""Σάββαθα"",""english_label"":""Sabbatha"",""role"":""inland_royal_center"",""notes"":""Inland royal residence above Canê.""},{""greek_surface"":""Βαρυγάζων"",""english_label"":""Barygaza"",""role"":""trade_partner_port"",""notes"":""One of the named overseas markets connected with Canê.""},{""greek_surface"":""Σκυθίας"",""english_label"":""Scythia"",""role"":""trade_partner_region"",""notes"":""Named among the trading connections.""},{""greek_surface"":""Ὀμάνων"",""english_label"":""Omana"",""role"":""trade_partner_region_or_port"",""notes"":""Named among Canê's trading connections.""},{""greek_surface"":""Περσίδος"",""english_label"":""Persis"",""role"":""neighboring_trade_region"",""notes"":""Neighboring Persian region included in the trade network.""}],""commodity_entities"":[{""english_label"":""frankincense"",""greek_surface"":""λίβανος"",""category"":""aromatic_resin"",""structure_type"":""simple_entity"",""confidence"":0.98,""notes"":""The section says all frankincense produced in the country is brought into Canê.""}],""movement_events"":[{""movement_type"":""collection_to_storehouse"",""source_place"":""frankincense-bearing country"",""destination_place"":""Canê"",""route_or_intermediate_place"":""rafts on inflated skins and boats"",""goods"":[""frankincense""],""notes"":""Frankincense from the whole country is gathered into Canê like a storehouse.""},{""movement_type"":""trade_connection"",""source_place"":""Canê"",""destination_place"":""Barygaza, Scythia, Omana, and neighboring Persis"",""route_or_intermediate_place"":""emporia across the sea"",""goods"":[""frankincense""],""notes"":""The goods moved in the trade network are inferred from the immediately preceding statement about Canê's frankincense stock.""}]}"
section_0028,text/body/div[urn:cts:greekLit:tlg0071.tlg001.1st1K-grc1]/div[28]/p,anonymous_periplus:text/body/div[urn:cts:greekLit:tlg0071.tlg001.1st1K-grc1]/div[28]/p,28,"{""draft_translation"":""Into Canê, from Egypt, come a little wheat and wine as into Muza, Arabian clothing, both common and plain, with more imitation fabric, copper, tin, coral, storax, and the other goods that go to Muza. For the king there are mostly chased silver objects and money, and also horses, statues, and fine plain clothing. From Canê are exported local cargoes, especially frankincense and aloe; the rest moves according to the same sailing season as Muza, but earlier."",""places"":[{""greek_surface"":""Κανὴ"",""english_label"":""Canê"",""role"":""destination_port_and_export_port"",""notes"":""Main port for the import and export lists in this section.""},{""greek_surface"":""Αἰγύπτου"",""english_label"":""Egypt"",""role"":""source_region"",""notes"":""Named as the source of the initial import list.""},{""greek_surface"":""Μούζα"",""english_label"":""Muza"",""role"":""comparison_port"",""notes"":""Used as comparison for both goods lists and sailing season.""},{""greek_surface"":""τῷ βασιλεῖ"",""english_label"":""the king at Canê"",""role"":""elite_destination"",""notes"":""Recipient of silver, money, animals, statues, and clothing.""}],""commodity_entities"":[{""english_label"":""wheat"",""greek_surface"":""πυρὸς ὀλίγος"",""category"":""food_grain"",""structure_type"":""simple_entity_with_quantity_note"",""confidence"":0.92,""notes"":""Imported from Egypt in small quantity.""},{""english_label"":""wine"",""greek_surface"":""οἶνος"",""category"":""food_drink"",""structure_type"":""simple_entity"",""confidence"":0.93,""notes"":""Imported as into Muza.""},{""english_label"":""Arabian clothing, common and plain"",""greek_surface"":""ἱματισμὸς Ἀραβικὸς"",""category"":""textile_clothing"",""structure_type"":""compound_with_origin_and_variants"",""confidence"":0.95,""notes"":""The following common and plain variants belong to the same clothing entry.""},{""english_label"":""imitation Arabian clothing"",""greek_surface"":""ὁ νόθος"",""category"":""textile_clothing"",""structure_type"":""variant_in_coordinated_textile_list"",""confidence"":0.82,""notes"":""Text says the imitation or adulterated kind is more abundant.""},{""english_label"":""copper"",""greek_surface"":""χαλκὸς"",""category"":""metal"",""structure_type"":""simple_entity"",""confidence"":0.94,""notes"":""Imported into Canê.""},{""english_label"":""tin"",""greek_surface"":""κασσίτερος"",""category"":""metal"",""structure_type"":""simple_entity"",""confidence"":0.95,""notes"":""Imported into Canê.""},{""english_label"":""coral"",""greek_surface"":""κοράλλιον"",""category"":""marine_luxury_material"",""structure_type"":""simple_entity"",""confidence"":0.95,""notes"":""Imported into Canê.""},{""english_label"":""storax"",""greek_surface"":""στύραξ"",""category"":""aromatic_resin"",""structure_type"":""simple_entity"",""confidence"":0.95,""notes"":""Imported into Canê.""},{""english_label"":""chased silver objects"",""greek_surface"":""ἀργυρώματα τετορευμένα"",""category"":""metalwork_luxury"",""structure_type"":""compound_with_manufacture"",""confidence"":0.94,""notes"":""Mostly for the king.""},{""english_label"":""money"",""greek_surface"":""χρήματα"",""category"":""money_metal"",""structure_type"":""simple_entity"",""confidence"":0.85,""notes"":""Listed with royal imports.""},{""english_label"":""horses"",""greek_surface"":""ἵπποι"",""category"":""live_animal_transport"",""structure_type"":""simple_entity"",""confidence"":0.94,""notes"":""For the king.""},{""english_label"":""statues"",""greek_surface"":""ἀνδριάντες"",""category"":""luxury_object"",""structure_type"":""simple_entity"",""confidence"":0.9,""notes"":""Royal import or gift item.""},{""english_label"":""fine plain clothing"",""greek_surface"":""ἱματισμὸς διάφορος ἀπλοῦς"",""category"":""textile_clothing"",""structure_type"":""compound_with_quality"",""confidence"":0.91,""notes"":""Royal textile item.""},{""english_label"":""frankincense"",""greek_surface"":""λίβανος"",""category"":""aromatic_resin"",""structure_type"":""simple_entity"",""confidence"":0.98,""notes"":""Local export from Canê.""},{""english_label"":""aloe"",""greek_surface"":""ἀλόη"",""category"":""aromatic_or_medicinal_plant"",""structure_type"":""simple_entity"",""confidence"":0.95,""notes"":""Local export from Canê.""}],""movement_events"":[{""movement_type"":""import"",""source_place"":""Egypt"",""destination_place"":""Canê"",""route_or_intermediate_place"":""Muza as comparison route"",""goods"":[""wheat"",""wine"",""Arabian clothing, common and plain"",""imitation Arabian clothing"",""copper"",""tin"",""coral"",""storax""],""notes"":""The import list begins with goods from Egypt and continues by comparison with Muza.""},{""movement_type"":""royal_gift_or_import"",""source_place"":""unspecified external suppliers"",""destination_place"":""the king at Canê"",""route_or_intermediate_place"":null,""goods"":[""chased silver objects"",""money"",""horses"",""statues"",""fine plain clothing""],""notes"":""These items are marked as for the king.""},{""movement_type"":""export"",""source_place"":""Canê and its local hinterland"",""destination_place"":""unspecified outbound markets"",""route_or_intermediate_place"":null,""goods"":[""frankincense"",""aloe""],""notes"":""The section names these as the local export cargoes.""}]}"
section_0029,text/body/div[urn:cts:greekLit:tlg0071.tlg001.1st1K-grc1]/div[29]/p,anonymous_periplus:text/body/div[urn:cts:greekLit:tlg0071.tlg001.1st1K-grc1]/div[29]/p,29,"{""draft_translation"":""After Canê the land bends further inward and opens into a very deep bay called Sachalites, the frankincense-bearing country, mountainous, hard to traverse, unhealthy, and wrapped in clouds and mist. The frankincense-bearing trees are not very large or tall, and they yield frankincense in drops on the bark, as some trees in Egypt weep gum."",""places"":[{""greek_surface"":""Κανὴν"",""english_label"":""Canê"",""role"":""previous_route_place"",""notes"":""Route reference for the next coastal stretch.""},{""greek_surface"":""Σαχαλίτης"",""english_label"":""Sachalites bay and country"",""role"":""production_source_region"",""notes"":""The bay and land are explicitly frankincense-bearing.""},{""greek_surface"":""Αἰγύπτῳ"",""english_label"":""Egypt"",""role"":""comparison_region"",""notes"":""Egyptian gum-producing trees are used as an analogy.""}],""commodity_entities"":[{""english_label"":""frankincense"",""greek_surface"":""λίβανος"",""category"":""aromatic_resin"",""structure_type"":""simple_entity"",""confidence"":0.98,""notes"":""The country and trees are described as frankincense-bearing.""},{""english_label"":""gum"",""greek_surface"":""κόμμι"",""category"":""plant_resin"",""structure_type"":""comparison_entity"",""confidence"":0.82,""notes"":""Mentioned only in comparison with Egyptian trees, not as a local export of Sachalites.""}],""movement_events"":[{""movement_type"":""local_production"",""source_place"":""Sachalites frankincense-bearing country"",""destination_place"":""Canê and other regional ports by context"",""route_or_intermediate_place"":null,""goods"":[""frankincense""],""notes"":""This section focuses on the natural production source rather than a shipment list.""}]}"
section_0030,text/body/div[urn:cts:greekLit:tlg0071.tlg001.1st1K-grc1]/div[30]/p,anonymous_periplus:text/body/div[urn:cts:greekLit:tlg0071.tlg001.1st1K-grc1]/div[30]/p,30,"{""draft_translation"":""At the far eastern end of the bay is the promontory called Syagros, with a fort guarding the country. Opposite it, out in the open sea and more toward Azania, lies the large island called Dioscorida, mostly deserted, marshy, and rivered, with animals including crocodiles, snakes, and large lizards. The island has true, land, and white tortoise shell, and also the so-called Indian cinnabar, gathered in drops from trees."",""places"":[{""greek_surface"":""Σύαγρος"",""english_label"":""Syagros"",""role"":""promontory_and_guard_post"",""notes"":""Promontory at the eastern end of the bay with a fort.""},{""greek_surface"":""Διοσκορίδου"",""english_label"":""Dioscorida island"",""role"":""island_production_source"",""notes"":""Island source for tortoise shell and Indian cinnabar.""},{""greek_surface"":""Ἀζανίᾳ"",""english_label"":""Azania"",""role"":""orientation_region"",""notes"":""Used to orient Dioscorida across the open sea.""}],""commodity_entities"":[{""english_label"":""true tortoise shell"",""greek_surface"":""χελώνην τήν τε ἀληθινὴν"",""category"":""marine_luxury_material"",""structure_type"":""compound_with_variety"",""confidence"":0.95,""notes"":""One of the tortoise-shell varieties present on Dioscorida.""},{""english_label"":""land tortoise shell"",""greek_surface"":""χελώνην χερσαίαν"",""category"":""animal_luxury_material"",""structure_type"":""compound_with_variety"",""confidence"":0.93,""notes"":""Terrestrial variety of tortoise shell.""},{""english_label"":""white tortoise shell"",""greek_surface"":""χελώνην λευκήν"",""category"":""animal_luxury_material"",""structure_type"":""compound_with_color_variant"",""confidence"":0.9,""notes"":""White variety of tortoise shell.""},{""english_label"":""Indian cinnabar"",""greek_surface"":""κιννάβαρι τὸ λεγόμενον Ἰνδικὸν"",""category"":""pigment_or_resin"",""structure_type"":""compound_with_origin_name"",""confidence"":0.93,""notes"":""Collected from trees in drops on the island.""}],""movement_events"":[{""movement_type"":""local_product"",""source_place"":""Dioscorida island"",""destination_place"":""unspecified traders or outbound markets"",""route_or_intermediate_place"":null,""goods"":[""true tortoise shell"",""land tortoise shell"",""white tortoise shell"",""Indian cinnabar""],""notes"":""The section names materials found or collected on the island but does not give a specific shipment route.""}]}"
section_0031,text/body/div[urn:cts:greekLit:tlg0071.tlg001.1st1K-grc1]/div[31]/p,anonymous_periplus:text/body/div[urn:cts:greekLit:tlg0071.tlg001.1st1K-grc1]/div[31]/p,31,"{""draft_translation"":""The inhabitants of Dioscorida are few and mixed, Arabs, Indians, and Greeks who have gone there for trade. The island is subject to the king of the frankincense-bearing country. Some from Muza, and some sailing from Limyrike and Barygaza, used it when they happened to put in there, exchanging rice, wheat, and Indian cloth, and loading in return a very large amount of tortoise shell. Now the island has been leased by the kings and is guarded."",""places"":[{""greek_surface"":""Διοσκορίδου"",""english_label"":""Dioscorida island"",""role"":""trade_destination_and_export_source"",""notes"":""Island where visiting traders exchange goods and load tortoise shell.""},{""greek_surface"":""Μούζα"",""english_label"":""Muza"",""role"":""source_port"",""notes"":""Some traders come from Muza.""},{""greek_surface"":""Λιμυρικῆς"",""english_label"":""Limyrike"",""role"":""source_region"",""notes"":""Sailors from Limyrike put in at the island when chance allows.""},{""greek_surface"":""Βαρυγάζων"",""english_label"":""Barygaza"",""role"":""source_port"",""notes"":""Sailors from Barygaza are named among those using the island.""},{""greek_surface"":""λιβανωτοφόρου"",""english_label"":""frankincense-bearing country"",""role"":""ruling_region"",""notes"":""The island belongs to the king of this region.""}],""commodity_entities"":[{""english_label"":""rice"",""greek_surface"":""ὄρυζάν"",""category"":""food_grain"",""structure_type"":""simple_entity"",""confidence"":0.95,""notes"":""Brought for exchange by visiting traders.""},{""english_label"":""wheat or grain"",""greek_surface"":""σῖτον"",""category"":""food_grain"",""structure_type"":""simple_entity"",""confidence"":0.92,""notes"":""Brought for exchange by visiting traders.""},{""english_label"":""Indian cloth"",""greek_surface"":""ὀθόνην Ἰνδικὴν"",""category"":""textile_cloth"",""structure_type"":""compound_with_origin"",""confidence"":0.96,""notes"":""Brought for exchange; female slaves are mentioned in the same clause but are not extracted as goods under the instruction not to extract persons.""},{""english_label"":""tortoise shell"",""greek_surface"":""χελώνην"",""category"":""marine_luxury_material"",""structure_type"":""simple_entity"",""confidence"":0.96,""notes"":""Loaded in very large quantity in return.""}],""movement_events"":[{""movement_type"":""exchange_import"",""source_place"":""Muza, Limyrike, and Barygaza"",""destination_place"":""Dioscorida island"",""route_or_intermediate_place"":null,""goods"":[""rice"",""wheat or grain"",""Indian cloth""],""notes"":""Visiting traders bring these goods to the island for exchange; persons mentioned in the passage are not modeled as goods.""},{""movement_type"":""return_export"",""source_place"":""Dioscorida island"",""destination_place"":""Muza, Limyrike, Barygaza, and other outbound markets"",""route_or_intermediate_place"":null,""goods"":[""tortoise shell""],""notes"":""The return cargo is a very large quantity of tortoise shell.""}]}"
section_0032,text/body/div[urn:cts:greekLit:tlg0071.tlg001.1st1K-grc1]/div[32]/p,anonymous_periplus:text/body/div[urn:cts:greekLit:tlg0071.tlg001.1st1K-grc1]/div[32]/p,32,"{""draft_translation"":""After Syagros a deep adjoining bay runs into the mainland, Omana, with a crossing of six hundred stades. After high rocky mountains and cave-dwellers comes an appointed harbor for loading Sachalite frankincense, called Moscha harbor. Ships are regularly sent there from Canê, and vessels sailing along from Limyrike or Barygaza in the late season winter there; from the royal agents they exchange linen, wheat, and oil for frankincense lying in heaps throughout Sachalites, unguarded but protected by divine power. Without a royal grant not even a grain can be put aboard."",""places"":[{""greek_surface"":""Σύαγρον"",""english_label"":""Syagros"",""role"":""previous_route_place"",""notes"":""Route reference at the start of the section.""},{""greek_surface"":""Ὄμανα"",""english_label"":""Omana bay"",""role"":""bay_or_route_region"",""notes"":""Deep bay after Syagros.""},{""greek_surface"":""Μόσχα λιμὴν"",""english_label"":""Moscha harbor"",""role"":""destination_harbor_and_frankincense_loading_port"",""notes"":""Designated harbor for loading Sachalite frankincense.""},{""greek_surface"":""Σαχαλίτου"",""english_label"":""Sachalites"",""role"":""production_source_region"",""notes"":""Region where frankincense lies in heaps.""},{""greek_surface"":""Κανῆς"",""english_label"":""Canê"",""role"":""source_port"",""notes"":""Ships are regularly sent from Canê to Moscha.""},{""greek_surface"":""Λιμυρικῆς"",""english_label"":""Limyrike"",""role"":""source_region"",""notes"":""Passing ships from Limyrike may winter at Moscha.""},{""greek_surface"":""Bαρυγάζων"",""english_label"":""Barygaza"",""role"":""source_port"",""notes"":""Passing ships from Barygaza may winter at Moscha.""}],""commodity_entities"":[{""english_label"":""Sachalite frankincense"",""greek_surface"":""Σαχαλίτου λιβάνου"",""category"":""aromatic_resin"",""structure_type"":""compound_with_origin"",""confidence"":0.98,""notes"":""The harbor is specifically for loading this material.""},{""english_label"":""linen cloth"",""greek_surface"":""ὀθόνιον"",""category"":""textile_cloth"",""structure_type"":""simple_entity"",""confidence"":0.94,""notes"":""Exchanged with royal agents for frankincense.""},{""english_label"":""wheat or grain"",""greek_surface"":""σῖτον"",""category"":""food_grain"",""structure_type"":""simple_entity"",""confidence"":0.92,""notes"":""Exchanged with royal agents for frankincense.""},{""english_label"":""oil"",""greek_surface"":""ἔλαιον"",""category"":""food_oil"",""structure_type"":""simple_entity"",""confidence"":0.94,""notes"":""Exchanged with royal agents for frankincense.""}],""movement_events"":[{""movement_type"":""shipment_to_loading_port"",""source_place"":""Canê"",""destination_place"":""Moscha harbor"",""route_or_intermediate_place"":null,""goods"":[""linen cloth"",""wheat or grain"",""oil""],""notes"":""Ships are regularly sent from Canê; passing ships from Limyrike and Barygaza also winter there.""},{""movement_type"":""exchange_for_export"",""source_place"":""royal agents and Sachalites frankincense heaps"",""destination_place"":""ships at Moscha harbor"",""route_or_intermediate_place"":""Moscha harbor"",""goods"":[""Sachalite frankincense""],""notes"":""Linen, grain, and oil are exchanged for frankincense, which cannot be loaded without royal grant.""}]}"
section_0033,text/body/div[urn:cts:greekLit:tlg0071.tlg001.1st1K-grc1]/div[33]/p,anonymous_periplus:text/body/div[urn:cts:greekLit:tlg0071.tlg001.1st1K-grc1]/div[33]/p,33,"{""draft_translation"":""From Moscha harbor the coast runs about fifteen hundred stades to Mount Asich; at its end lie seven islands called the islands of Zenobius. After them comes another barbarian coast, no longer under the same kingdom but now belonging to Persis. About two thousand stades from the Zenobius islands, offshore, is the island called Sarapis. It has three villages of sacred Fish-Eaters, who use the Arabic language and wear girdles of kukinon leaves. The island has abundant excellent tortoise shell, and those from Canê regularly fit out boats and small craft for it."",""places"":[{""greek_surface"":""Μόσχα λιμένος"",""english_label"":""Moscha harbor"",""role"":""previous_route_place"",""notes"":""Starting point for this route section.""},{""greek_surface"":""Ἀσὶχ ὄρος"",""english_label"":""Mount Asich"",""role"":""route_landmark"",""notes"":""Mountain reached along the coast from Moscha.""},{""greek_surface"":""Ζηνοβίου"",""english_label"":""Zenobius islands"",""role"":""route_intermediate_islands"",""notes"":""Seven islands lying off the end of Mount Asich.""},{""greek_surface"":""Περσίδος"",""english_label"":""Persis"",""role"":""regional_authority"",""notes"":""The next coast is said to belong to Persis.""},{""greek_surface"":""Σαράπιδος"",""english_label"":""Sarapis island"",""role"":""destination_island_and_material_source"",""notes"":""Island with abundant tortoise shell and regular vessels from Canê.""},{""greek_surface"":""Κανῆς"",""english_label"":""Canê"",""role"":""source_port"",""notes"":""Boats and small craft are regularly fitted out from Canê for Sarapis.""}],""commodity_entities"":[{""english_label"":""tortoise shell"",""greek_surface"":""χελώνην ἱκανὴν καὶ διάφορον"",""category"":""marine_luxury_material"",""structure_type"":""simple_entity_with_quality_and_quantity"",""confidence"":0.97,""notes"":""The island has abundant and excellent tortoise shell.""}],""movement_events"":[{""movement_type"":""collection_voyage"",""source_place"":""Canê"",""destination_place"":""Sarapis island"",""route_or_intermediate_place"":""Zenobius islands and Persis coast by route context"",""goods"":[""tortoise shell""],""notes"":""Canê sends or equips boats and small craft to Sarapis; tortoise shell is the named material available there.""}]}"
section_0034,text/body/div[urn:cts:greekLit:tlg0071.tlg001.1st1K-grc1]/div[34]/p,anonymous_periplus:text/body/div[urn:cts:greekLit:tlg0071.tlg001.1st1K-grc1]/div[34]/p,34,"{""draft_translation"":""Sailing around the next mainland northward, near the entrance to the Persian Sea, lie several islands called the Calaean Islands, extending for about two thousand stadia along the coast; their inhabitants are hostile and see little by day."",""places"":[{""greek_surface"":""Περσικῆς θαλάσσης"",""english_label"":""Persian Sea"",""role"":""regional_waterway"",""notes"":""Entrance area used as route context.""},{""greek_surface"":""Καλαίου ... νῆσοι"",""english_label"":""Calaean Islands"",""role"":""island_group"",""notes"":""Islands along the mainland near the Persian Sea entrance.""}],""commodity_entities"":[],""movement_events"":[]}"
section_0035,text/body/div[urn:cts:greekLit:tlg0071.tlg001.1st1K-grc1]/div[35]/p,anonymous_periplus:text/body/div[urn:cts:greekLit:tlg0071.tlg001.1st1K-grc1]/div[35]/p,35,"{""draft_translation"":""Near the outer end of the Calaean Islands and the so-called Fair Mountain the mouth of the Persian Gulf comes next, where there is much diving for pinna shell. On the left are the Asabon mountains, on the right the mountain called Semiramis, and through the passage the Persian Gulf opens inland to Apologos, a lawful emporium near Charax Pasinu and the Euphrates."",""places"":[{""greek_surface"":""Καλαίου νήσων"",""english_label"":""Calaean Islands"",""role"":""route_or_intermediate_place"",""notes"":""Western approach to the gulf mouth.""},{""greek_surface"":""Καλὸν ὄρος"",""english_label"":""Fair Mountain"",""role"":""landmark"",""notes"":""Landmark near the mouth of the Persian Gulf.""},{""greek_surface"":""στόμα τῆς Περσικῆς"",""english_label"":""Mouth of the Persian Gulf"",""role"":""route_or_intermediate_place"",""notes"":""Navigational entrance to the gulf.""},{""greek_surface"":""Ἀσαβῶν"",""english_label"":""Asabon Mountains"",""role"":""landmark"",""notes"":""Mountains on the left side of the entrance.""},{""greek_surface"":""Σεμιράμεως"",""english_label"":""Semiramis Mountain"",""role"":""landmark"",""notes"":""High round mountain on the right side of the entrance.""},{""greek_surface"":""Περσικὸς κόλπος"",""english_label"":""Persian Gulf"",""role"":""regional_waterway"",""notes"":""The gulf opening into the interior.""},{""greek_surface"":""Ἀπολόγου"",""english_label"":""Apologos"",""role"":""destination_port"",""notes"":""Lawful emporium in the inner Persian Gulf.""},{""greek_surface"":""Πασίνου Χάρακα"",""english_label"":""Charax Pasinu"",""role"":""nearby_place"",""notes"":""Reference point for Apologos.""},{""greek_surface"":""Εὐφράτην"",""english_label"":""Euphrates River"",""role"":""nearby_place"",""notes"":""River near Apologos.""}],""commodity_entities"":[{""english_label"":""pinna shell"",""greek_surface"":""πινικίου κόγχου"",""category"":""shell_or_marine_product"",""structure_type"":""single_good"",""confidence"":""medium"",""notes"":""Extracted as a tradeable marine shell because the passage describes abundant diving for it.""}],""movement_events"":[]}"
section_0036,text/body/div[urn:cts:greekLit:tlg0071.tlg001.1st1K-grc1]/div[36]/p,anonymous_periplus:text/body/div[urn:cts:greekLit:tlg0071.tlg001.1st1K-grc1]/div[36]/p,36,"{""draft_translation"":""After sailing past the mouth of the gulf, six runs farther on is another Persian emporium called Omana. Large ships usually outfit for both Persian emporia from Barygaza with copper, sandalwood, beams, horns, and logs of sesame-wood and ebony; to Omana frankincense also comes from Cane. From Omana local sewn boats called madara go to Arabia. From both emporia are brought into Barygaza and Arabia much Persian shell, inferior to Indian shell, along with purple dye, local clothing, wine, many dates, gold, and slaves."",""places"":[{""greek_surface"":""Περσίδος"",""english_label"":""Persis"",""role"":""region"",""notes"":""Region containing the emporium Omana.""},{""greek_surface"":""Ὄμανα"",""english_label"":""Omana"",""role"":""source_place"",""notes"":""Persian emporium sending goods to Barygaza and Arabia; also destination for imports.""},{""greek_surface"":""Βαρυγάζων"",""english_label"":""Barygaza"",""role"":""source_place"",""notes"":""Port sending large ships and cargo to Persian emporia; also destination for goods from them.""},{""greek_surface"":""Κανῆς"",""english_label"":""Cane"",""role"":""source_place"",""notes"":""Source of frankincense sent to Omana.""},{""greek_surface"":""Ἀραβίαν"",""english_label"":""Arabia"",""role"":""destination_place"",""notes"":""Destination for sewn boats and imports from the Persian emporia.""}],""commodity_entities"":[{""english_label"":""copper"",""greek_surface"":""χαλκοῦ"",""category"":""metal"",""structure_type"":""single_good"",""confidence"":""high"",""notes"":""Cargo from Barygaza to the Persian emporia.""},{""english_label"":""sandalwood"",""greek_surface"":""ξύλων σανταλίνων"",""category"":""wood"",""structure_type"":""single_good"",""confidence"":""high"",""notes"":""Cargo from Barygaza to the Persian emporia.""},{""english_label"":""beams"",""greek_surface"":""δοκῶν"",""category"":""timber"",""structure_type"":""single_good"",""confidence"":""high"",""notes"":""Cargo from Barygaza to the Persian emporia.""},{""english_label"":""horns"",""greek_surface"":""κεράτων"",""category"":""animal_product"",""structure_type"":""single_good"",""confidence"":""high"",""notes"":""Cargo from Barygaza to the Persian emporia.""},{""english_label"":""sesame-wood logs"",""greek_surface"":""φαλάγγων σασαμίνων"",""category"":""wood"",""structure_type"":""compound_entity"",""confidence"":""medium"",""notes"":""Preserved as a qualified timber item.""},{""english_label"":""ebony logs"",""greek_surface"":""φαλάγγων ... ἐβενίνων"",""category"":""wood"",""structure_type"":""compound_entity"",""confidence"":""high"",""notes"":""Preserved as a qualified timber item.""},{""english_label"":""frankincense"",""greek_surface"":""λίβανος"",""category"":""aromatic_resin"",""structure_type"":""single_good"",""confidence"":""high"",""notes"":""Sent from Cane to Omana.""},{""english_label"":""sewn boats called madara"",""greek_surface"":""ῥαπτὰ πλοιάρια ... μαδάρα"",""category"":""manufactured_vessel"",""structure_type"":""compound_entity"",""confidence"":""medium"",""notes"":""Included because the passage describes these local craft moving from Omana to Arabia.""},{""english_label"":""Persian pinna shell"",""greek_surface"":""πινικὸν"",""category"":""shell_or_marine_product"",""structure_type"":""single_good"",""confidence"":""high"",""notes"":""Imported from Persian emporia; explicitly inferior to Indian shell.""},{""english_label"":""purple dye"",""greek_surface"":""πορφύρα"",""category"":""dye_or_colorant"",""structure_type"":""single_good"",""confidence"":""high"",""notes"":""Imported from Persian emporia.""},{""english_label"":""local clothing"",""greek_surface"":""ἱματισμὸς ἐντόπιος"",""category"":""textile"",""structure_type"":""compound_entity"",""confidence"":""high"",""notes"":""Qualified clothing item.""},{""english_label"":""wine"",""greek_surface"":""οἶνος"",""category"":""food_or_drink"",""structure_type"":""single_good"",""confidence"":""high"",""notes"":""Imported from Persian emporia.""},{""english_label"":""dates"",""greek_surface"":""φοῖνιξ"",""category"":""food_or_drink"",""structure_type"":""single_good"",""confidence"":""high"",""notes"":""Imported in quantity from Persian emporia.""},{""english_label"":""gold"",""greek_surface"":""χρυσὸς"",""category"":""metal"",""structure_type"":""single_good"",""confidence"":""high"",""notes"":""Imported from Persian emporia.""},{""english_label"":""slaves"",""greek_surface"":""σώματα"",""category"":""enslaved_people"",""structure_type"":""single_good"",""confidence"":""high"",""notes"":""Human cargo; retained as a traded entity, not a generic person reference.""}],""movement_events"":[{""movement_type"":""export"",""source_place"":""Barygaza"",""destination_place"":""Persian emporia including Omana"",""route_or_intermediate_place"":"""",""goods"":[""copper"",""sandalwood"",""beams"",""horns"",""sesame-wood logs"",""ebony logs""],""notes"":""Large ships are outfitted from Barygaza for both Persian emporia.""},{""movement_type"":""export"",""source_place"":""Cane"",""destination_place"":""Omana"",""route_or_intermediate_place"":"""",""goods"":[""frankincense""],""notes"":""Frankincense is specifically added for Omana.""},{""movement_type"":""export"",""source_place"":""Omana"",""destination_place"":""Arabia"",""route_or_intermediate_place"":"""",""goods"":[""sewn boats called madara""],""notes"":""Local sewn boats are said to go from Omana to Arabia.""},{""movement_type"":""import"",""source_place"":""Persian emporia including Omana"",""destination_place"":""Barygaza and Arabia"",""route_or_intermediate_place"":"""",""goods"":[""Persian pinna shell"",""purple dye"",""local clothing"",""wine"",""dates"",""gold"",""slaves""],""notes"":""Goods are brought from both emporia into both destinations.""}]}"
section_0037,text/body/div[urn:cts:greekLit:tlg0071.tlg001.1st1K-grc1]/div[37]/p,anonymous_periplus:text/body/div[urn:cts:greekLit:tlg0071.tlg001.1st1K-grc1]/div[37]/p,37,"{""draft_translation"":""After the Omanitic country lies the country of the Parsidae, under another kingdom, and the gulf called that of the Terabdoi. Beside it is a river admitting ships, with a small emporium at its mouth called Oraea and an inland royal city seven days from the sea. The country produces much wheat, wine, rice, and dates, and inland nothing else except bdellium."",""places"":[{""greek_surface"":""Ὀμανιτικὴν χώραν"",""english_label"":""Omanitic country"",""role"":""route_or_intermediate_place"",""notes"":""Previous coastal region in the route sequence.""},{""greek_surface"":""Παρσιδῶν"",""english_label"":""Country of the Parsidae"",""role"":""region"",""notes"":""Region following Omana.""},{""greek_surface"":""κόλπος τῶν Τεράβδων"",""english_label"":""Gulf of the Terabdoi"",""role"":""regional_waterway"",""notes"":""Gulf in the Parsidae region.""},{""greek_surface"":""Ὠραία"",""english_label"":""Oraea"",""role"":""destination_port"",""notes"":""Small emporium at the river mouth.""}],""commodity_entities"":[{""english_label"":""wheat"",""greek_surface"":""σῖτον"",""category"":""grain"",""structure_type"":""single_good"",""confidence"":""high"",""notes"":""Local product of the country.""},{""english_label"":""wine"",""greek_surface"":""οἶνον"",""category"":""food_or_drink"",""structure_type"":""single_good"",""confidence"":""high"",""notes"":""Local product of the country.""},{""english_label"":""rice"",""greek_surface"":""ὄρυζαν"",""category"":""grain"",""structure_type"":""single_good"",""confidence"":""high"",""notes"":""Local product of the country.""},{""english_label"":""dates"",""greek_surface"":""φοίνικα"",""category"":""food_or_drink"",""structure_type"":""single_good"",""confidence"":""high"",""notes"":""Local product of the country.""},{""english_label"":""bdellium"",""greek_surface"":""βδέλλαν"",""category"":""aromatic_resin"",""structure_type"":""single_good"",""confidence"":""high"",""notes"":""Only inland product named.""}],""movement_events"":[]}"
section_0038,text/body/div[urn:cts:greekLit:tlg0071.tlg001.1st1K-grc1]/div[38]/p,anonymous_periplus:text/body/div[urn:cts:greekLit:tlg0071.tlg001.1st1K-grc1]/div[38]/p,38,"{""draft_translation"":""After this country, where the mainland has already swung eastward because of the deep gulfs, come the low coastal parts of Scythia to the north. From them flows the Sindus, the greatest river of the Erythraean Sea, with seven mouths; only the middle mouth is navigable, and there stands the seaside emporium Barbarikon. Behind it inland is Minnagar, metropolis of Scythia, ruled by Parthians who continually drive one another out."",""places"":[{""greek_surface"":""Σκυθίας"",""english_label"":""Scythia"",""role"":""region"",""notes"":""Northern low coastal region after the Parsidae.""},{""greek_surface"":""Σίνθος"",""english_label"":""Sindus River"",""role"":""route_or_intermediate_place"",""notes"":""Major river with seven mouths.""},{""greek_surface"":""Βαρβαρικόν"",""english_label"":""Barbarikon"",""role"":""destination_port"",""notes"":""Seaside emporium at the navigable middle mouth of the Sindus.""},{""greek_surface"":""Μινναγάρ"",""english_label"":""Minnagar"",""role"":""inland_city"",""notes"":""Inland metropolis of Scythia behind Barbarikon.""}],""commodity_entities"":[],""movement_events"":[]}"
section_0039,text/body/div[urn:cts:greekLit:tlg0071.tlg001.1st1K-grc1]/div[39]/p,anonymous_periplus:text/body/div[urn:cts:greekLit:tlg0071.tlg001.1st1K-grc1]/div[39]/p,39,"{""draft_translation"":""Ships are brought through the river to the king at Barbarikon. Into the emporium go sufficient plain clothing, a little counterfeit cloth, patterned textiles, chrysolith, coral, storax, frankincense, glass vessels, silverware, money, and a little wine. In exchange are loaded costus, bdellium, lycium, nard, callaine stone, sapphire, Chinese skins, cloth, Chinese thread, and Indian black pigment. Sailors depart with the Indian ships around July, the month Epiphi; the voyage is harder to enter but more favorable and shorter than the others."",""places"":[{""greek_surface"":""Βαρβαρικὴν"",""english_label"":""Barbarikon"",""role"":""destination_port"",""notes"":""Emporium reached through the river.""}],""commodity_entities"":[{""english_label"":""plain clothing"",""greek_surface"":""ἱματισμὸς ἁπλοῦς"",""category"":""textile"",""structure_type"":""compound_entity"",""confidence"":""high"",""notes"":""Imported into Barbarikon.""},{""english_label"":""counterfeit cloth"",""greek_surface"":""νόθος"",""category"":""textile"",""structure_type"":""single_good"",""confidence"":""medium"",""notes"":""Elliptic textile term coordinated with clothing.""},{""english_label"":""patterned textiles"",""greek_surface"":""πολύμιτα"",""category"":""textile"",""structure_type"":""single_good"",""confidence"":""high"",""notes"":""Imported into Barbarikon.""},{""english_label"":""chrysolith"",""greek_surface"":""χρυσόλιθον"",""category"":""stone_or_gem"",""structure_type"":""single_good"",""confidence"":""high"",""notes"":""Imported into Barbarikon.""},{""english_label"":""coral"",""greek_surface"":""κοράλλιον"",""category"":""marine_product"",""structure_type"":""single_good"",""confidence"":""high"",""notes"":""Imported into Barbarikon.""},{""english_label"":""storax"",""greek_surface"":""στύραξ"",""category"":""aromatic_resin"",""structure_type"":""single_good"",""confidence"":""high"",""notes"":""Imported into Barbarikon.""},{""english_label"":""frankincense"",""greek_surface"":""λίβανος"",""category"":""aromatic_resin"",""structure_type"":""single_good"",""confidence"":""high"",""notes"":""Imported into Barbarikon.""},{""english_label"":""glass vessels"",""greek_surface"":""ὑαλὰ σκεύη"",""category"":""manufactured_good"",""structure_type"":""compound_entity"",""confidence"":""high"",""notes"":""Imported into Barbarikon.""},{""english_label"":""silverware"",""greek_surface"":""ἀργυρώματα"",""category"":""metalware"",""structure_type"":""single_good"",""confidence"":""high"",""notes"":""Imported into Barbarikon.""},{""english_label"":""money"",""greek_surface"":""χρῆμα"",""category"":""currency"",""structure_type"":""single_good"",""confidence"":""high"",""notes"":""Imported payment or exchange medium.""},{""english_label"":""wine"",""greek_surface"":""οἶνος"",""category"":""food_or_drink"",""structure_type"":""single_good"",""confidence"":""high"",""notes"":""Imported in small quantity.""},{""english_label"":""costus"",""greek_surface"":""κόστος"",""category"":""aromatic_or_medicinal_plant"",""structure_type"":""single_good"",""confidence"":""high"",""notes"":""Loaded in exchange at Barbarikon.""},{""english_label"":""bdellium"",""greek_surface"":""βδέλλα"",""category"":""aromatic_resin"",""structure_type"":""single_good"",""confidence"":""high"",""notes"":""Loaded in exchange at Barbarikon.""},{""english_label"":""lycium"",""greek_surface"":""λύκιον"",""category"":""plant_product"",""structure_type"":""single_good"",""confidence"":""high"",""notes"":""Loaded in exchange at Barbarikon.""},{""english_label"":""nard"",""greek_surface"":""νάρδος"",""category"":""aromatic_or_medicinal_plant"",""structure_type"":""single_good"",""confidence"":""high"",""notes"":""Loaded in exchange at Barbarikon.""},{""english_label"":""callaine stone"",""greek_surface"":""καλλεανὸς λίθος"",""category"":""stone_or_gem"",""structure_type"":""compound_entity"",""confidence"":""high"",""notes"":""Loaded in exchange at Barbarikon.""},{""english_label"":""sapphire"",""greek_surface"":""σάπφειρος"",""category"":""stone_or_gem"",""structure_type"":""single_good"",""confidence"":""high"",""notes"":""Loaded in exchange at Barbarikon.""},{""english_label"":""Chinese skins"",""greek_surface"":""Σηρικὰ δέρματα"",""category"":""animal_product"",""structure_type"":""compound_entity"",""confidence"":""high"",""notes"":""Loaded in exchange at Barbarikon.""},{""english_label"":""cloth"",""greek_surface"":""ὀθόνιον"",""category"":""textile"",""structure_type"":""single_good"",""confidence"":""high"",""notes"":""Loaded in exchange at Barbarikon.""},{""english_label"":""Chinese thread"",""greek_surface"":""νῆμα Σηρικὸν"",""category"":""textile"",""structure_type"":""compound_entity"",""confidence"":""high"",""notes"":""Loaded in exchange at Barbarikon.""},{""english_label"":""Indian black pigment"",""greek_surface"":""Ἰνδικὸν μέλαν"",""category"":""pigment_or_colorant"",""structure_type"":""compound_entity"",""confidence"":""medium"",""notes"":""Loaded in exchange; exact substance uncertain, preserved as qualified pigment.""}],""movement_events"":[{""movement_type"":""import"",""source_place"":"""",""destination_place"":""Barbarikon"",""route_or_intermediate_place"":""Sindus River"",""goods"":[""plain clothing"",""counterfeit cloth"",""patterned textiles"",""chrysolith"",""coral"",""storax"",""frankincense"",""glass vessels"",""silverware"",""money"",""wine""],""notes"":""Passage lists goods going into the emporium.""},{""movement_type"":""export"",""source_place"":""Barbarikon"",""destination_place"":"""",""route_or_intermediate_place"":""Indian shipping route"",""goods"":[""costus"",""bdellium"",""lycium"",""nard"",""callaine stone"",""sapphire"",""Chinese skins"",""cloth"",""Chinese thread"",""Indian black pigment""],""notes"":""Passage lists goods loaded in exchange.""}]}"
section_0040,text/body/div[urn:cts:greekLit:tlg0071.tlg001.1st1K-grc1]/div[40]/p,anonymous_periplus:text/body/div[urn:cts:greekLit:tlg0071.tlg001.1st1K-grc1]/div[40]/p,40,"{""draft_translation"":""After the Sindus River is another unexplored gulf toward the north, called Eirinon, divided into the Lesser and Greater, both shallow seas with light, continuous eddies far from land. Beyond it projects the curved cape called Barake, enclosing seven islands; ships that fall too far into the belly of Barake are lost among heavy waves, confused sea, eddies, rocky bottom, and dangerous anchors."",""places"":[{""greek_surface"":""Σίνθον ποταμὸν"",""english_label"":""Sindus River"",""role"":""route_or_intermediate_place"",""notes"":""Previous route marker.""},{""greek_surface"":""Εἰρινὸν"",""english_label"":""Eirinon Gulf"",""role"":""regional_waterway"",""notes"":""Unexplored northern gulf, divided into lesser and greater.""},{""greek_surface"":""Βαράκην"",""english_label"":""Barake"",""role"":""cape"",""notes"":""Curved cape enclosing the gulf and seven islands.""},{""greek_surface"":""Βαρύγαζα"",""english_label"":""Barygaza"",""role"":""nearby_place"",""notes"":""Later region used for comparison of sea-signs.""}],""commodity_entities"":[],""movement_events"":[]}"
section_0041,text/body/div[urn:cts:greekLit:tlg0071.tlg001.1st1K-grc1]/div[41]/p,anonymous_periplus:text/body/div[urn:cts:greekLit:tlg0071.tlg001.1st1K-grc1]/div[41]/p,41,"{""draft_translation"":""After Barake comes the gulf of Barygaza and the mainland of Ariake, the beginning of Mambaro's kingdom and of all India. Inland, bordering Scythia, is called Aberia, and the coast Syrastrene. The country is rich in wheat, rice, sesame oil, butter, cotton, and coarse Indian cloth made from it. Its metropolis is Minnagara, from which a very large amount of cloth is brought down to Barygaza."",""places"":[{""greek_surface"":""Βαράκην"",""english_label"":""Barake"",""role"":""route_or_intermediate_place"",""notes"":""Previous cape in the route.""},{""greek_surface"":""Βαρυγάζων κόλπος"",""english_label"":""Gulf of Barygaza"",""role"":""regional_waterway"",""notes"":""Gulf after Barake.""},{""greek_surface"":""Ἀριακῆς χώρας"",""english_label"":""Ariake"",""role"":""region"",""notes"":""Mainland region at the beginning of India.""},{""greek_surface"":""Ἀβηρία"",""english_label"":""Aberia"",""role"":""inland_region"",""notes"":""Interior part bordering Scythia.""},{""greek_surface"":""Συραστρηνή"",""english_label"":""Syrastrene"",""role"":""coastal_region"",""notes"":""Coastal part of Ariake.""},{""greek_surface"":""Μιννάγαρα"",""english_label"":""Minnagara"",""role"":""source_place"",""notes"":""Metropolis supplying cloth to Barygaza.""},{""greek_surface"":""Βαρύγαζα"",""english_label"":""Barygaza"",""role"":""destination_port"",""notes"":""Destination port for cloth from Minnagara.""},{""greek_surface"":""Ἀστάκαπρα"",""english_label"":""Astakapra"",""role"":""route_or_intermediate_place"",""notes"":""Reference point for the coastal route beyond Barygaza.""},{""greek_surface"":""Παπικῆς"",""english_label"":""Papike"",""role"":""cape_or_region"",""notes"":""Cape/region associated with Astakapra.""}],""commodity_entities"":[{""english_label"":""wheat"",""greek_surface"":""σίτου"",""category"":""grain"",""structure_type"":""single_good"",""confidence"":""high"",""notes"":""Local product of Ariake.""},{""english_label"":""rice"",""greek_surface"":""ὀρύζης"",""category"":""grain"",""structure_type"":""single_good"",""confidence"":""high"",""notes"":""Local product of Ariake.""},{""english_label"":""sesame oil"",""greek_surface"":""ἐλαίου σησαμίνου"",""category"":""oil"",""structure_type"":""compound_entity"",""confidence"":""high"",""notes"":""Local product of Ariake; compound preserved.""},{""english_label"":""butter"",""greek_surface"":""βουτύρου"",""category"":""food_or_drink"",""structure_type"":""single_good"",""confidence"":""high"",""notes"":""Local product of Ariake.""},{""english_label"":""cotton"",""greek_surface"":""καρπάσου"",""category"":""fiber"",""structure_type"":""single_good"",""confidence"":""high"",""notes"":""Source fiber for Indian cloth.""},{""english_label"":""coarse Indian cloth"",""greek_surface"":""Ἰνδικῶν ὀθονίων τῶν χυδαίων"",""category"":""textile"",""structure_type"":""compound_entity"",""confidence"":""high"",""notes"":""Qualified cloth product made from cotton.""},{""english_label"":""cloth"",""greek_surface"":""ὀθόνιον"",""category"":""textile"",""structure_type"":""single_good"",""confidence"":""high"",""notes"":""Brought down in quantity from Minnagara to Barygaza.""}],""movement_events"":[{""movement_type"":""inland_to_port"",""source_place"":""Minnagara"",""destination_place"":""Barygaza"",""route_or_intermediate_place"":""Ariake/Syrastrene"",""goods"":[""cloth""],""notes"":""The passage says much cloth is brought down from Minnagara to Barygaza.""}]}"
section_0042,text/body/div[urn:cts:greekLit:tlg0071.tlg001.1st1K-grc1]/div[42]/p,anonymous_periplus:text/body/div[urn:cts:greekLit:tlg0071.tlg001.1st1K-grc1]/div[42]/p,42,"{""draft_translation"":""After this is another wave-sheltered gulf entering northward, with the island called Baiones at its mouth and, in the innermost parts, the great river called Mais. Those sailing to Barygaza cross the gulf, leaving the island just visible on the left, and head east to the mouth of the river of Barygaza, called the Namnadios."",""places"":[{""greek_surface"":""Bαιώνης"",""english_label"":""Baiones"",""role"":""route_or_intermediate_place"",""notes"":""Island at the mouth of the gulf.""},{""greek_surface"":""Μάϊς"",""english_label"":""Mais River"",""role"":""route_or_intermediate_place"",""notes"":""Large river in the inner gulf.""},{""greek_surface"":""Bαρύγαζα"",""english_label"":""Barygaza"",""role"":""destination_port"",""notes"":""Destination of the sailing route.""},{""greek_surface"":""Ναμνάδιος"",""english_label"":""Namnadios River"",""role"":""route_or_intermediate_place"",""notes"":""River of Barygaza.""}],""commodity_entities"":[],""movement_events"":[]}"
section_0043,text/body/div[urn:cts:greekLit:tlg0071.tlg001.1st1K-grc1]/div[43]/p,anonymous_periplus:text/body/div[urn:cts:greekLit:tlg0071.tlg001.1st1K-grc1]/div[43]/p,43,"{""draft_translation"":""The gulf at Barygaza is narrow and hard for ships coming from the sea to enter; they tend to fall either right or left. On the right at the gulf mouth lies the rough, spotted strip called Herone near the village of Kammoni; on the left opposite it is the cape before Astakapra, called Papike, a difficult anchorage because of the current and the rough rocky bottom that cuts anchors. Even if one reaches the gulf, the mouth of the Barygaza river is hard to find and hard to enter because of the low land and river shallows."",""places"":[{""greek_surface"":""Βαρύγαζα"",""english_label"":""Barygaza"",""role"":""destination_port"",""notes"":""Difficult destination approached through the gulf and river.""},{""greek_surface"":""Ἡρώνη"",""english_label"":""Herone"",""role"":""route_or_intermediate_place"",""notes"":""Rough strip on the right side of the gulf mouth.""},{""greek_surface"":""Καμμωνὶ"",""english_label"":""Kammoni"",""role"":""nearby_place"",""notes"":""Village near Herone.""},{""greek_surface"":""Ἀστακάπρων"",""english_label"":""Astakapra"",""role"":""nearby_place"",""notes"":""Reference point for the left-hand cape.""},{""greek_surface"":""Παπικὴ"",""english_label"":""Papike"",""role"":""route_or_intermediate_place"",""notes"":""Difficult anchorage/cape opposite Herone.""}],""commodity_entities"":[],""movement_events"":[]}"
section_0044,text/body/div[urn:cts:greekLit:tlg0071.tlg001.1st1K-grc1]/div[44]/p,anonymous_periplus:text/body/div[urn:cts:greekLit:tlg0071.tlg001.1st1K-grc1]/div[44]/p,44,"{""draft_translation"":""For this reason, around the entrance local royal fishermen go out with crews of long vessels, called trappaga and kotymba, to meet incoming ships as far as Syrastrene, and from them the ships are guided to Barygaza. They immediately turn from the gulf mouth through the shallows, tow the ships by fixed stations, lift them as the flood begins, and moor them in certain anchorages and deeper river-basin places until Barygaza, which lies on the river about three hundred stadia from the mouth."",""places"":[{""greek_surface"":""Συραστρηνῆς"",""english_label"":""Syrastrene"",""role"":""route_or_intermediate_place"",""notes"":""Area to which pilots go out to meet ships.""},{""greek_surface"":""Βαρυγάζων"",""english_label"":""Barygaza"",""role"":""destination_port"",""notes"":""Port reached by guided and towed river approach.""}],""commodity_entities"":[],""movement_events"":[]}"
section_0045,text/body/div[urn:cts:greekLit:tlg0071.tlg001.1st1K-grc1]/div[45]/p,anonymous_periplus:text/body/div[urn:cts:greekLit:tlg0071.tlg001.1st1K-grc1]/div[45]/p,45,"{""draft_translation"":""All India has many rivers and strong tidal rises and falls, especially around Barygaza, where the sea suddenly covers and uncovers ground and drives river water back upstream for many stadia."",""places"":[],""commodity_entities"":[],""movement_events"":[]}"
section_0046,text/body/div[urn:cts:greekLit:tlg0071.tlg001.1st1K-grc1]/div[46]/p,anonymous_periplus:text/body/div[urn:cts:greekLit:tlg0071.tlg001.1st1K-grc1]/div[46]/p,46,"{""draft_translation"":""Because of these tides, entry to and departure from the Barygaza market are dangerous for inexperienced ships: large vessels can be swept onto shoals, smaller ones overturned, and the incoming tide arrives with a roar like an army."",""places"":[],""commodity_entities"":[],""movement_events"":[]}"
section_0047,text/body/div[urn:cts:greekLit:tlg0071.tlg001.1st1K-grc1]/div[47]/p,anonymous_periplus:text/body/div[urn:cts:greekLit:tlg0071.tlg001.1st1K-grc1]/div[47]/p,47,"{""draft_translation"":""The inland country above Barygaza includes many peoples and regions as far as the Ganges; Alexander is said to have passed from there, and old Greek-inscribed drachmas of later rulers still circulate at Barygaza."",""places"":[],""commodity_entities"":[],""movement_events"":[]}"
section_0048,text/body/div[urn:cts:greekLit:tlg0071.tlg001.1st1K-grc1]/div[48]/p,anonymous_periplus:text/body/div[urn:cts:greekLit:tlg0071.tlg001.1st1K-grc1]/div[48]/p,48,"{""draft_translation"":""East of this inland region is Ozene, formerly a royal residence, from which goods for Barygaza and for Roman trade are brought down; nard, costus, and bdellium also come down through Proklais and adjoining Scythia from the upper country."",""places"":[{""greek_surface"":""Ὀζήνη"",""english_label"":""Ozene"",""role"":""source_city"",""notes"":""Former royal city inland and east of Barygaza.""},{""greek_surface"":""Βαρύγαζα"",""english_label"":""Barygaza"",""role"":""destination_port"",""notes"":""Market receiving goods from Ozene and upper-country routes.""},{""greek_surface"":""Προκλαΐδος"",""english_label"":""Proklais"",""role"":""route_or_intermediate_place"",""notes"":""Route named for nard coming from upper regions.""},{""greek_surface"":""Συυθίας"",""english_label"":""Scythia"",""role"":""route_or_intermediate_place"",""notes"":""Adjoining region named as a route context for aromatics.""}],""commodity_entities"":[{""english_label"":""onyx stone"",""greek_surface"":""ὀνυχίνη λιθία"",""category"":""stone"",""structure_type"":""simple"",""confidence"":""high"",""notes"":""Brought from Ozene for the Barygaza trade.""},{""english_label"":""murrhine stone"",""greek_surface"":""μουρρίνη"",""category"":""stone"",""structure_type"":""simple"",""confidence"":""medium"",""notes"":""Listed with onyx stone; exact ancient material identification is uncertain.""},{""english_label"":""Indian cloth"",""greek_surface"":""σινδόνες Ἰνδικαὶ"",""category"":""textile"",""structure_type"":""simple"",""confidence"":""high"",""notes"":""Textile brought from Ozene.""},{""english_label"":""mallow-colored cloth"",""greek_surface"":""μολόχιναι"",""category"":""textile"",""structure_type"":""simple"",""confidence"":""medium"",""notes"":""Textile adjective used substantively in the goods list.""},{""english_label"":""ordinary cotton cloth"",""greek_surface"":""χυδαῖον ὀθόνιον"",""category"":""textile"",""structure_type"":""compound"",""confidence"":""medium"",""notes"":""Common-grade cloth; amount is said to be considerable.""},{""english_label"":""nard with named regional varieties"",""greek_surface"":""νάρδος ἡ Καττυβουρίνη καὶ ἡ Πατροπαπίγη καὶ ἡ Καβαλίτη"",""category"":""aromatic"",""structure_type"":""compound"",""confidence"":""high"",""notes"":""Preserved as one compound nard entity with named varieties.""},{""english_label"":""costus"",""greek_surface"":""κόστος"",""category"":""aromatic"",""structure_type"":""simple"",""confidence"":""high"",""notes"":""Aromatic/root drug brought down with bdellium.""},{""english_label"":""bdellium"",""greek_surface"":""βδέλλα"",""category"":""aromatic"",""structure_type"":""simple"",""confidence"":""high"",""notes"":""Aromatic gum resin in the upper-country movement.""}],""movement_events"":[{""movement_type"":""inland_supply_to_port"",""source_place"":""Ozene"",""destination_place"":""Barygaza"",""route_or_intermediate_place"":"""",""goods"":[""onyx stone"",""murrhine stone"",""Indian cloth"",""mallow-colored cloth"",""ordinary cotton cloth""],""notes"":""Goods for the local country and for Roman trade are brought down from Ozene.""},{""movement_type"":""upper_country_supply_to_port"",""source_place"":""upper country"",""destination_place"":""Barygaza"",""route_or_intermediate_place"":""Proklais; adjoining Scythia"",""goods"":[""nard with named regional varieties"",""costus"",""bdellium""],""notes"":""The passage distinguishes route context from the destination port.""}]}"
section_0049,text/body/div[urn:cts:greekLit:tlg0071.tlg001.1st1K-grc1]/div[49]/p,anonymous_periplus:text/body/div[urn:cts:greekLit:tlg0071.tlg001.1st1K-grc1]/div[49]/p,49,"{""draft_translation"":""Into Barygaza are imported wines, metals, stones, textiles, aromatics, minerals, glass, and coin; special luxury goods are brought for the king. From these places are exported aromatics, ivory, stones, textiles, thread, long pepper, and other goods brought from the market-towns. Ships bound for this market sail from Egypt around July, Epiphi."",""places"":[{""greek_surface"":""τὸ ἐμπόριον"",""english_label"":""Barygaza"",""role"":""destination_port"",""notes"":""The market-town is referred to deictically from the preceding Barygaza context.""},{""greek_surface"":""Αἰγύπτου"",""english_label"":""Egypt"",""role"":""source_place"",""notes"":""Named as the departure region for ships sailing to this market.""}],""commodity_entities"":[{""english_label"":""Italian wine"",""greek_surface"":""οἶνος ... Ἰταλικὸς"",""category"":""foodstuff"",""structure_type"":""compound"",""confidence"":""high"",""notes"":""One of the named imported wine origins.""},{""english_label"":""Laodicean wine"",""greek_surface"":""οἶνος ... Λαοδικηνὸς"",""category"":""foodstuff"",""structure_type"":""compound"",""confidence"":""high"",""notes"":""One of the named imported wine origins.""},{""english_label"":""Arabian wine"",""greek_surface"":""οἶνος ... Ἀραβικὸς"",""category"":""foodstuff"",""structure_type"":""compound"",""confidence"":""high"",""notes"":""One of the named imported wine origins.""},{""english_label"":""copper"",""greek_surface"":""χαλκὸς"",""category"":""metal"",""structure_type"":""simple"",""confidence"":""high"",""notes"":""Listed among imported metals.""},{""english_label"":""tin"",""greek_surface"":""κασσίτερος"",""category"":""metal"",""structure_type"":""simple"",""confidence"":""high"",""notes"":""Listed among imported metals.""},{""english_label"":""lead"",""greek_surface"":""μόλυβδος"",""category"":""metal"",""structure_type"":""simple"",""confidence"":""high"",""notes"":""Listed among imported metals.""},{""english_label"":""coral"",""greek_surface"":""κοράλλιον"",""category"":""animal_product"",""structure_type"":""simple"",""confidence"":""high"",""notes"":""Imported marine material.""},{""english_label"":""chrysolite or topaz"",""greek_surface"":""χρυσόλιθον"",""category"":""stone"",""structure_type"":""simple"",""confidence"":""medium"",""notes"":""Precious stone named in the import list; exact identification is uncertain.""},{""english_label"":""plain and inferior clothing"",""greek_surface"":""ἱματισμὸς ἀπλοῦς καὶ νόθος παντοῖος"",""category"":""textile"",""structure_type"":""compound"",""confidence"":""high"",""notes"":""Textile import; quality terms are preserved in one entity.""},{""english_label"":""multicolored cubit-wide girdles"",""greek_surface"":""πολύμιτοι ζῶναι πηχυαῖαι"",""category"":""textile"",""structure_type"":""compound"",""confidence"":""high"",""notes"":""Specific textile accessory in the import list.""},{""english_label"":""storax"",""greek_surface"":""στύραξ"",""category"":""aromatic"",""structure_type"":""simple"",""confidence"":""high"",""notes"":""Aromatic resin in the import list.""},{""english_label"":""melilot"",""greek_surface"":""μελίλωτον"",""category"":""plant_product"",""structure_type"":""simple"",""confidence"":""high"",""notes"":""Fragrant plant product in the import list.""},{""english_label"":""crude glass"",""greek_surface"":""ὕαλος ἀργὴ"",""category"":""manufactured_good"",""structure_type"":""compound"",""confidence"":""high"",""notes"":""Glass material in the import list.""},{""english_label"":""realgar"",""greek_surface"":""σανδαράκη"",""category"":""mineral"",""structure_type"":""simple"",""confidence"":""high"",""notes"":""Mineral pigment/substance in the import list.""},{""english_label"":""antimony"",""greek_surface"":""στίμμι"",""category"":""mineral"",""structure_type"":""simple"",""confidence"":""high"",""notes"":""Mineral substance in the import list.""},{""english_label"":""gold and silver denarii"",""greek_surface"":""δηνάριον χρυσοῦν καὶ ἀργυροῦν"",""category"":""coin_or_money"",""structure_type"":""compound"",""confidence"":""high"",""notes"":""Coin imported for exchange profit against local money.""},{""english_label"":""modest perfume"",""greek_surface"":""μύρον οὐ βαρύτιμον οὐδὲ πολύ"",""category"":""aromatic"",""structure_type"":""compound"",""confidence"":""high"",""notes"":""Imported perfume, explicitly not costly or abundant.""},{""english_label"":""costly silverware"",""greek_surface"":""βαρύτιμα ἀργυρώματα"",""category"":""manufactured_good"",""structure_type"":""compound"",""confidence"":""high"",""notes"":""Luxury objects brought for the king.""},{""english_label"":""fine wine for the king"",""greek_surface"":""διάφορος οἶνος"",""category"":""foodstuff"",""structure_type"":""compound"",""confidence"":""high"",""notes"":""Royal import distinct from the general imported wine list.""},{""english_label"":""costly plain clothing"",""greek_surface"":""ἱματισμὸς ἁπλοῦς πολυτελὴς"",""category"":""textile"",""structure_type"":""compound"",""confidence"":""high"",""notes"":""Luxury textile brought for the king.""},{""english_label"":""choice perfume"",""greek_surface"":""μύρον ἔξοχον"",""category"":""aromatic"",""structure_type"":""compound"",""confidence"":""high"",""notes"":""Luxury aromatic brought for the king.""},{""english_label"":""nard"",""greek_surface"":""νάρδος"",""category"":""aromatic"",""structure_type"":""simple"",""confidence"":""high"",""notes"":""Exported from these places.""},{""english_label"":""costus"",""greek_surface"":""κόστος"",""category"":""aromatic"",""structure_type"":""simple"",""confidence"":""high"",""notes"":""Exported from these places.""},{""english_label"":""bdellium"",""greek_surface"":""βδέλλα"",""category"":""aromatic"",""structure_type"":""simple"",""confidence"":""high"",""notes"":""Exported from these places.""},{""english_label"":""ivory"",""greek_surface"":""ἐλέφας"",""category"":""animal_product"",""structure_type"":""simple"",""confidence"":""high"",""notes"":""Exported from these places.""},{""english_label"":""onyx stone"",""greek_surface"":""ὀνυχίνη λιθία"",""category"":""stone"",""structure_type"":""simple"",""confidence"":""high"",""notes"":""Exported from these places.""},{""english_label"":""murrhine stone"",""greek_surface"":""μουρρίνη"",""category"":""stone"",""structure_type"":""simple"",""confidence"":""medium"",""notes"":""Exported luxury stone or stone-like material; exact identification is uncertain.""},{""english_label"":""lycium"",""greek_surface"":""λύκιον"",""category"":""plant_product"",""structure_type"":""simple"",""confidence"":""medium"",""notes"":""Medicinal plant extract or dye-like commodity in the export list.""},{""english_label"":""cloth of all kinds"",""greek_surface"":""ὀθόνιον παντοῖον"",""category"":""textile"",""structure_type"":""compound"",""confidence"":""high"",""notes"":""Exported textile category.""},{""english_label"":""silk cloth"",""greek_surface"":""Σηρικὸν"",""category"":""textile"",""structure_type"":""simple"",""confidence"":""medium"",""notes"":""Ethnonym-derived textile term in the export list.""},{""english_label"":""mallow-colored cloth"",""greek_surface"":""μολόχινον"",""category"":""textile"",""structure_type"":""simple"",""confidence"":""medium"",""notes"":""Textile adjective used substantively.""},{""english_label"":""thread"",""greek_surface"":""νῆμα"",""category"":""textile"",""structure_type"":""simple"",""confidence"":""high"",""notes"":""Exported textile material.""},{""english_label"":""long pepper"",""greek_surface"":""πέπερι μακρὸν"",""category"":""spice"",""structure_type"":""compound"",""confidence"":""high"",""notes"":""Named spice in the export list.""}],""movement_events"":[{""movement_type"":""import_to_market"",""source_place"":""Mediterranean and Arabian suppliers"",""destination_place"":""Barygaza"",""route_or_intermediate_place"":"""",""goods"":[""Italian wine"",""Laodicean wine"",""Arabian wine"",""copper"",""tin"",""lead"",""coral"",""chrysolite or topaz"",""plain and inferior clothing"",""multicolored cubit-wide girdles"",""storax"",""melilot"",""crude glass"",""realgar"",""antimony"",""gold and silver denarii"",""modest perfume""],""notes"":""The passage lists commodities proceeding into the Barygaza market.""},{""movement_type"":""royal_import"",""source_place"":""external suppliers"",""destination_place"":""Barygaza royal court"",""route_or_intermediate_place"":"""",""goods"":[""costly silverware"",""fine wine for the king"",""costly plain clothing"",""choice perfume""],""notes"":""Persons in the royal list are not extracted as goods.""},{""movement_type"":""export_from_market"",""source_place"":""Barygaza and associated market-towns"",""destination_place"":""outbound trade"",""route_or_intermediate_place"":"""",""goods"":[""nard"",""costus"",""bdellium"",""ivory"",""onyx stone"",""murrhine stone"",""lycium"",""cloth of all kinds"",""silk cloth"",""mallow-colored cloth"",""thread"",""long pepper""],""notes"":""The text adds other goods brought from the market-towns without naming them individually.""},{""movement_type"":""sailing_season"",""source_place"":""Egypt"",""destination_place"":""Barygaza"",""route_or_intermediate_place"":"""",""goods"":[],""notes"":""Ships bound for the market sail around July/Epiphi; no additional goods are named in this timing clause.""}]}"
section_0050,text/body/div[urn:cts:greekLit:tlg0071.tlg001.1st1K-grc1]/div[50]/p,anonymous_periplus:text/body/div[urn:cts:greekLit:tlg0071.tlg001.1st1K-grc1]/div[50]/p,50,"{""draft_translation"":""Beyond Barygaza the coast runs north to south, called Dachinabades because the local word means south; inland to the east are deserts, mountains, many wild animals, and many peoples as far as the Ganges."",""places"":[],""commodity_entities"":[],""movement_events"":[]}"
section_0051,text/body/div[urn:cts:greekLit:tlg0071.tlg001.1st1K-grc1]/div[51]/p,anonymous_periplus:text/body/div[urn:cts:greekLit:tlg0071.tlg001.1st1K-grc1]/div[51]/p,51,"{""draft_translation"":""In Dachinabades the notable markets are Paithana, about twenty days south from Barygaza, and Tagara, about ten days farther east. Goods are carried down to Barygaza by wagons through roadless country: much onyx from Paithana, and from Tagara much common cloth, various muslins, mallow cloth, and other local cargo from the coastal regions."",""places"":[{""greek_surface"":""Δαχιναβάδει"",""english_label"":""Dachinabades"",""role"":""region"",""notes"":""Southern region beyond Barygaza containing the inland market-towns.""},{""greek_surface"":""Παίθανα"",""english_label"":""Paithana"",""role"":""source_market"",""notes"":""Inland market about twenty days south of Barygaza.""},{""greek_surface"":""Τάγαρα"",""english_label"":""Tagara"",""role"":""source_market"",""notes"":""Large city about ten days east beyond Paithana.""},{""greek_surface"":""Βαρύγαζα"",""english_label"":""Barygaza"",""role"":""destination_port"",""notes"":""Port receiving wagon-carried goods from inland markets.""},{""greek_surface"":""Λιμυρικῆς"",""english_label"":""Limyrike"",""role"":""route_region"",""notes"":""Named as the endpoint region for the longer coastal course.""}],""commodity_entities"":[{""english_label"":""onyx stone"",""greek_surface"":""ὀνυχίνη λιθία"",""category"":""stone"",""structure_type"":""simple"",""confidence"":""high"",""notes"":""Brought in quantity from Paithana.""},{""english_label"":""common cloth"",""greek_surface"":""ὀθόνιον πολὺ χυδαῖον"",""category"":""textile"",""structure_type"":""compound"",""confidence"":""high"",""notes"":""Brought in quantity from Tagara.""},{""english_label"":""various muslins or cloths"",""greek_surface"":""σινδόνων παντοῖα"",""category"":""textile"",""structure_type"":""compound"",""confidence"":""high"",""notes"":""Textiles in the Tagara cargo list.""},{""english_label"":""mallow-colored cloth"",""greek_surface"":""μολόχινα"",""category"":""textile"",""structure_type"":""simple"",""confidence"":""medium"",""notes"":""Textile item in the Tagara cargo list.""}],""movement_events"":[{""movement_type"":""inland_wagon_supply_to_port"",""source_place"":""Paithana"",""destination_place"":""Barygaza"",""route_or_intermediate_place"":""roadless inland tracts"",""goods"":[""onyx stone""],""notes"":""The passage explicitly says these goods are brought down by wagons.""},{""movement_type"":""inland_wagon_supply_to_port"",""source_place"":""Tagara"",""destination_place"":""Barygaza"",""route_or_intermediate_place"":""roadless inland tracts"",""goods"":[""common cloth"",""various muslins or cloths"",""mallow-colored cloth""],""notes"":""Other local coastal cargo is mentioned generically but not extracted as a commodity.""}]}"
section_0052,text/body/div[urn:cts:greekLit:tlg0071.tlg001.1st1K-grc1]/div[52]/p,anonymous_periplus:text/body/div[urn:cts:greekLit:tlg0071.tlg001.1st1K-grc1]/div[52]/p,52,"{""draft_translation"":""The next local markets after Barygaza are Suppara and Calliena. Calliena was once a lawful market-town, but after Sandares took it the port was much obstructed, and Greek ships putting in there may be taken under guard to Barygaza."",""places"":[{""greek_surface"":""Σούππαρα"",""english_label"":""Suppara"",""role"":""route_port"",""notes"":""Named market after Barygaza.""},{""greek_surface"":""Καλλίενα"",""english_label"":""Calliena"",""role"":""route_port"",""notes"":""Former lawful market-town; later restricted.""},{""greek_surface"":""Βαρύγαζα"",""english_label"":""Barygaza"",""role"":""destination_port"",""notes"":""Greek ships landing at Calliena may be taken there under guard.""}],""commodity_entities"":[],""movement_events"":[{""movement_type"":""ship_diversion_under_guard"",""source_place"":""Calliena"",""destination_place"":""Barygaza"",""route_or_intermediate_place"":"""",""goods"":[],""notes"":""Greek ships are moved under guard; no named goods are extracted.""}]}"
section_0053,text/body/div[urn:cts:greekLit:tlg0071.tlg001.1st1K-grc1]/div[53]/p,anonymous_periplus:text/body/div[urn:cts:greekLit:tlg0071.tlg001.1st1K-grc1]/div[53]/p,53,"{""draft_translation"":""After Calliena come other local markets: Semylla, Mandagora, Palaepatmae, Melizigara, Byzantium, Toparon, and Tyrannosboas; then islands near Chersonesus, pirate areas, White Island, and then Naura and Tyndis, the first markets of Limyrike, followed by the leading ports Muziris and Nelkynda."",""places"":[{""greek_surface"":""Καλλίεναν"",""english_label"":""Calliena"",""role"":""route_port"",""notes"":""Starting point for the subsequent coastal sequence.""},{""greek_surface"":""Εήμυλλα"",""english_label"":""Semylla"",""role"":""route_port"",""notes"":""Local market-town after Calliena.""},{""greek_surface"":""Μανδαγόρα"",""english_label"":""Mandagora"",""role"":""route_port"",""notes"":""Local market-town in the sequence.""},{""greek_surface"":""Παλαιπάτμαι"",""english_label"":""Palaepatmae"",""role"":""route_port"",""notes"":""Local market-town in the sequence.""},{""greek_surface"":""Μελιζειγάρα"",""english_label"":""Melizigara"",""role"":""route_port"",""notes"":""Local market-town in the sequence.""},{""greek_surface"":""Βυζάντιον"",""english_label"":""Byzantium"",""role"":""route_port"",""notes"":""Local market-town in the sequence.""},{""greek_surface"":""Τοπαρὸν"",""english_label"":""Toparon"",""role"":""route_port"",""notes"":""Local market-town in the sequence.""},{""greek_surface"":""Τυραννοσβόας"",""english_label"":""Tyrannosboas"",""role"":""route_port"",""notes"":""Local market-town in the sequence.""},{""greek_surface"":""Σησεκρείεναι"",""english_label"":""Sesecrienae Islands"",""role"":""route_or_intermediate_place"",""notes"":""Islands after the market-town sequence.""},{""greek_surface"":""Aἰγιδίων"",""english_label"":""Aegidii island"",""role"":""route_or_intermediate_place"",""notes"":""Island named near Chersonesus.""},{""greek_surface"":""Καινειτῶν"",""english_label"":""Caenitae island"",""role"":""route_or_intermediate_place"",""notes"":""Island named near Chersonesus.""},{""greek_surface"":""Χερσόνησον"",""english_label"":""Chersonesus"",""role"":""route_or_intermediate_place"",""notes"":""Place opposite the islands; pirate context is noted, not a trade good.""},{""greek_surface"":""Λευκὴ νῆσος"",""english_label"":""White Island"",""role"":""route_or_intermediate_place"",""notes"":""Island in the coastal sequence.""},{""greek_surface"":""Νάουρα"",""english_label"":""Naura"",""role"":""market_port"",""notes"":""One of the first markets of Limyrike.""},{""greek_surface"":""Τύνδις"",""english_label"":""Tyndis"",""role"":""market_port"",""notes"":""One of the first markets of Limyrike.""},{""greek_surface"":""Λιμυρικῆς"",""english_label"":""Limyrike"",""role"":""region"",""notes"":""Region whose first markets are Naura and Tyndis.""},{""greek_surface"":""Μουζιρὶς"",""english_label"":""Muziris"",""role"":""major_destination_port"",""notes"":""Named as currently of leading importance.""},{""greek_surface"":""Νέλκυνδα"",""english_label"":""Nelkynda"",""role"":""major_destination_port"",""notes"":""Named as currently of leading importance.""}],""commodity_entities"":[],""movement_events"":[]}"
section_0054,text/body/div[urn:cts:greekLit:tlg0071.tlg001.1st1K-grc1]/div[54]/p,anonymous_periplus:text/body/div[urn:cts:greekLit:tlg0071.tlg001.1st1K-grc1]/div[54]/p,54,"{""draft_translation"":""Tyndis belongs to the kingdom of Cerobothras and is a visible seaside village. Muziris, in the same kingdom, is busy with ships coming from Ariaca and with Greek ships; it lies on a river, five hundred stadia by river and sea from Tyndis and twenty stadia upstream from the shore. Nelkynda is about five hundred stadia from Muziris by river and land/sea route, belongs to the Pandion kingdom, and lies on a river about 120 stadia from the sea."",""places"":[{""greek_surface"":""Τύνδις"",""english_label"":""Tyndis"",""role"":""market_port"",""notes"":""Seaside village in the kingdom of Cerobothras.""},{""greek_surface"":""Μουζιρὶς"",""english_label"":""Muziris"",""role"":""destination_port"",""notes"":""Major river port receiving Ariaca and Greek ships.""},{""greek_surface"":""Ἀριακῆς"",""english_label"":""Ariaca"",""role"":""source_region"",""notes"":""Source region for ships coming to Muziris in the local Greek text.""},{""greek_surface"":""Νέλκυνδα"",""english_label"":""Nelkynda"",""role"":""market_port"",""notes"":""River port in another kingdom, associated with the Pandion.""}],""commodity_entities"":[],""movement_events"":[{""movement_type"":""ship_arrival_to_market"",""source_place"":""Ariaca"",""destination_place"":""Muziris"",""route_or_intermediate_place"":"""",""goods"":[],""notes"":""The passage notes arriving ships but names no commodities in this section.""},{""movement_type"":""ship_arrival_to_market"",""source_place"":""Greek ports or Greek merchants"",""destination_place"":""Muziris"",""route_or_intermediate_place"":"""",""goods"":[],""notes"":""Greek ships are mentioned as arriving; no named goods are extracted.""}]}"
section_0055,text/body/div[urn:cts:greekLit:tlg0071.tlg001.1st1K-grc1]/div[55]/p,anonymous_periplus:text/body/div[urn:cts:greekLit:tlg0071.tlg001.1st1K-grc1]/div[55]/p,55,"{""draft_translation"":""At the mouth of Nelkynda's river lies another village, Bacare, where ships drop down from Nelkynda on the outward voyage and anchor offshore to take on cargo because the river is shoaly and hard to navigate. The kings of both markets live inland; black snakes with blood-red eyes are a sign for those approaching from the sea."",""places"":[{""greek_surface"":""βακαρὴ"",""english_label"":""Bacare"",""role"":""destination_roadstead"",""notes"":""Village at the river mouth where ships anchor to load cargo.""},{""greek_surface"":""Νελκύνδων"",""english_label"":""Nelkynda"",""role"":""source_port"",""notes"":""Ships drop down from Nelkynda on the outward voyage.""}],""commodity_entities"":[],""movement_events"":[{""movement_type"":""outward_loading_stop"",""source_place"":""Nelkynda"",""destination_place"":""Bacare"",""route_or_intermediate_place"":""river mouth roadstead"",""goods"":[],""notes"":""Ships anchor to take on cargo, but no specific goods are named in this section.""}]}"
section_0056,text/body/div[urn:cts:greekLit:tlg0071.tlg001.1st1K-grc1]/div[56]/p,anonymous_periplus:text/body/div[urn:cts:greekLit:tlg0071.tlg001.1st1K-grc1]/div[56]/p,56,"{""draft_translation"":""Ships sailing from Egypt reach the Limyrike markets in season. Imports include money, stones, cloth, metals, wine, pigments, and grain for crews, while exports include pepper from Cottonara, pearls, ivory, Seric cloth, Gangetic nard, malabathrum, transparent stones, diamond, hyacinth, and tortoise-shell from Chryse and nearby islands."",""places"":[{""greek_surface"":""Λιμυρικῆς"",""english_label"":""Limyrike"",""role"":""destination_market"",""notes"":""Main destination for the incoming imports and collection market for exports.""},{""greek_surface"":""Βαρυγάζοις"",""english_label"":""Barygaza"",""role"":""comparison_port"",""notes"":""Used only as a comparison for wine volume.""},{""greek_surface"":""Κοττοναρικῇ"",""english_label"":""Cottonara"",""role"":""source_place"",""notes"":""Specific pepper-producing district.""},{""greek_surface"":""Αἰγύπτου"",""english_label"":""Egypt"",""role"":""source_place"",""notes"":""Seasonal ships sail from Egypt to Limyrike.""},{""greek_surface"":""Χρυσονησιωτικὴ"",""english_label"":""Chryse peninsula"",""role"":""source_place"",""notes"":""Named source for one tortoise-shell variety.""}],""commodity_entities"":[{""english_label"":""money"",""greek_surface"":""χρήματα"",""category"":""currency"",""structure_type"":""coordinated-list-item"",""confidence"":""high"",""notes"":""Imported in large quantities.""},{""english_label"":""chrysolite/topaz stones"",""greek_surface"":""χρυσόλιθα"",""category"":""stone"",""structure_type"":""coordinated-list-item"",""confidence"":""medium"",""notes"":""Imported stone term; exact mineral label uncertain.""},{""english_label"":""plain clothing"",""greek_surface"":""ἱματισμὸς ἁπλοῦς"",""category"":""textile"",""structure_type"":""coordinated-list-item"",""confidence"":""high"",""notes"":""Imported in limited quantity.""},{""english_label"":""figured textiles"",""greek_surface"":""πολύμιτα"",""category"":""textile"",""structure_type"":""coordinated-list-item"",""confidence"":""high"",""notes"":""Imported patterned cloth.""},{""english_label"":""antimony/stibium"",""greek_surface"":""στίμμι"",""category"":""mineral"",""structure_type"":""coordinated-list-item"",""confidence"":""high"",""notes"":""Imported cosmetic/mineral good.""},{""english_label"":""coral"",""greek_surface"":""κοράλλιον"",""category"":""marine_product"",""structure_type"":""coordinated-list-item"",""confidence"":""high"",""notes"":""Imported good.""},{""english_label"":""raw glass"",""greek_surface"":""ὕαλος ἀργὴ"",""category"":""glass"",""structure_type"":""coordinated-list-item"",""confidence"":""high"",""notes"":""Imported material.""},{""english_label"":""copper"",""greek_surface"":""χαλκὸς"",""category"":""metal"",""structure_type"":""coordinated-list-item"",""confidence"":""high"",""notes"":""Imported metal.""},{""english_label"":""tin"",""greek_surface"":""κασσίτερος"",""category"":""metal"",""structure_type"":""coordinated-list-item"",""confidence"":""high"",""notes"":""Imported metal.""},{""english_label"":""lead"",""greek_surface"":""μόλυβδος"",""category"":""metal"",""structure_type"":""coordinated-list-item"",""confidence"":""high"",""notes"":""Imported metal.""},{""english_label"":""wine"",""greek_surface"":""οἶνος"",""category"":""food_drink"",""structure_type"":""coordinated-list-item"",""confidence"":""high"",""notes"":""Imported, but not as much as at Barygaza.""},{""english_label"":""realgar"",""greek_surface"":""σανδαράκη"",""category"":""pigment_mineral"",""structure_type"":""coordinated-list-item"",""confidence"":""high"",""notes"":""Imported pigment/mineral.""},{""english_label"":""orpiment/arsenic pigment"",""greek_surface"":""ἀρσενικὸν"",""category"":""pigment_mineral"",""structure_type"":""coordinated-list-item"",""confidence"":""high"",""notes"":""Imported pigment/mineral.""},{""english_label"":""grain"",""greek_surface"":""σῖτος"",""category"":""foodstuff"",""structure_type"":""coordinated-list-item"",""confidence"":""high"",""notes"":""Imported only as needed for sailors, not a general market commodity.""},{""english_label"":""pepper"",""greek_surface"":""πέπερι"",""category"":""spice"",""structure_type"":""source-specific-entity"",""confidence"":""high"",""notes"":""Said to grow abundantly in Cottonara.""},{""english_label"":""pearls"",""greek_surface"":""μαργαρίτης"",""category"":""marine_product"",""structure_type"":""coordinated-list-item"",""confidence"":""high"",""notes"":""Exported in substantial and fine quality.""},{""english_label"":""ivory"",""greek_surface"":""ἐλέφας"",""category"":""animal_product"",""structure_type"":""coordinated-list-item"",""confidence"":""high"",""notes"":""Exported material.""},{""english_label"":""Seric cloth"",""greek_surface"":""ὀθόνια Σηρικὰ"",""category"":""textile"",""structure_type"":""compound-entity"",""confidence"":""high"",""notes"":""Preserved as a compound textile entity.""},{""english_label"":""Gangetic nard"",""greek_surface"":""νάρδος ἡ Γαγγητικὴ"",""category"":""aromatic"",""structure_type"":""compound-entity"",""confidence"":""high"",""notes"":""Named nard variety.""},{""english_label"":""malabathrum"",""greek_surface"":""μαλάβαθρον"",""category"":""aromatic"",""structure_type"":""standalone-good"",""confidence"":""high"",""notes"":""Said to come from inland regions into Limyrike.""},{""english_label"":""transparent stones"",""greek_surface"":""λιθία διαφανὴς παντοία"",""category"":""stone"",""structure_type"":""compound-entity"",""confidence"":""high"",""notes"":""Assorted transparent stones.""},{""english_label"":""diamond"",""greek_surface"":""ἀδάμας"",""category"":""stone"",""structure_type"":""coordinated-list-item"",""confidence"":""high"",""notes"":""Exported stone.""},{""english_label"":""hyacinth stone"",""greek_surface"":""ὑάκινθος"",""category"":""stone"",""structure_type"":""coordinated-list-item"",""confidence"":""high"",""notes"":""Exported stone.""},{""english_label"":""tortoise-shell"",""greek_surface"":""χελώνη"",""category"":""animal_product"",""structure_type"":""source-specific-entity"",""confidence"":""high"",""notes"":""Includes Chryse and nearby island varieties.""}],""movement_events"":[{""movement_type"":""imported_to_market"",""source_place"":""Egypt"",""destination_place"":""Limyrike"",""route_or_intermediate_place"":"""",""goods"":[""money"",""chrysolite/topaz stones"",""plain clothing"",""figured textiles"",""antimony/stibium"",""coral"",""raw glass"",""copper"",""tin"",""lead"",""wine"",""realgar"",""orpiment/arsenic pigment"",""grain""],""notes"":""Imports are listed as proceeding into Limyrike; Egypt is the named sailing origin.""},{""movement_type"":""exported_or_collected_from_market"",""source_place"":""Limyrike"",""destination_place"":""Egypt-bound trade"",""route_or_intermediate_place"":""Cottonara; inland regions; Chryse peninsula and nearby islands"",""goods"":[""pepper"",""pearls"",""ivory"",""Seric cloth"",""Gangetic nard"",""malabathrum"",""transparent stones"",""diamond"",""hyacinth stone"",""tortoise-shell""],""notes"":""Some goods have more specific source contexts within the larger Limyrike market.""}]}"
section_0057,text/body/div[urn:cts:greekLit:tlg0071.tlg001.1st1K-grc1]/div[57]/p,anonymous_periplus:text/body/div[urn:cts:greekLit:tlg0071.tlg001.1st1K-grc1]/div[57]/p,57,"{""draft_translation"":""The section explains the discovery and use of the open-sea monsoon route by Hippalos and distinguishes the courses toward Limyrike, Barygaza, and Scythia."",""places"":[],""commodity_entities"":[],""movement_events"":[]}"
section_0058,text/body/div[urn:cts:greekLit:tlg0071.tlg001.1st1K-grc1]/div[58]/p,anonymous_periplus:text/body/div[urn:cts:greekLit:tlg0071.tlg001.1st1K-grc1]/div[58]/p,58,"{""draft_translation"":""After Bakare comes the Pyrrhon mountain and the Paralia country; Balita has a good harbor, and Kolchoi is a city in the pearl-fishing zone under the Pandion kingdom."",""places"":[{""greek_surface"":""Βακαρῆς"",""english_label"":""Bakare"",""role"":""route_anchor"",""notes"":""Starting point for the described coastal sequence.""},{""greek_surface"":""Πυρρὸν ὄρος"",""english_label"":""Pyrrhon mountain"",""role"":""route_or_intermediate_place"",""notes"":""Coastal landmark.""},{""greek_surface"":""Παραλίᾳ"",""english_label"":""Paralia"",""role"":""region"",""notes"":""Country along the southern coast.""},{""greek_surface"":""Βαλίτα"",""english_label"":""Balita"",""role"":""port"",""notes"":""Place with a good harbor.""},{""greek_surface"":""Κόλχοι"",""english_label"":""Kolchoi"",""role"":""source_place"",""notes"":""City associated with pearl-fishing.""}],""commodity_entities"":[{""english_label"":""pearls"",""greek_surface"":""πινικοῦ"",""category"":""marine_product"",""structure_type"":""standalone-good"",""confidence"":""high"",""notes"":""The term occurs in the pearl-fishing context at Kolchoi.""}],""movement_events"":[{""movement_type"":""harvested_at"",""source_place"":""Kolchoi"",""destination_place"":"""",""route_or_intermediate_place"":""Paralia"",""goods"":[""pearls""],""notes"":""Pearl-fishing is described, but no explicit shipping destination is given.""}]}"
section_0059,text/body/div[urn:cts:greekLit:tlg0071.tlg001.1st1K-grc1]/div[59]/p,anonymous_periplus:text/body/div[urn:cts:greekLit:tlg0071.tlg001.1st1K-grc1]/div[59]/p,59,"{""draft_translation"":""The coast from Komarei to Kolchoi includes pearl fisheries, and farther along the gulf pearls are gathered around Epiodoros island; cloths are exported from that district."",""places"":[{""greek_surface"":""Κομαρεὶ"",""english_label"":""Komarei"",""role"":""route_anchor"",""notes"":""Starting point for the southern coastal stretch.""},{""greek_surface"":""Κόλχων"",""english_label"":""Kolchoi"",""role"":""source_place"",""notes"":""Pearl-fishing district.""},{""greek_surface"":""Ἠπιοδώρου νῆσον"",""english_label"":""Epiodoros island"",""role"":""source_place"",""notes"":""Island around which pearls are collected.""}],""commodity_entities"":[{""english_label"":""pearls"",""greek_surface"":""πινικόν"",""category"":""marine_product"",""structure_type"":""standalone-good"",""confidence"":""high"",""notes"":""Collected through pearl-fishing and around Epiodoros island.""},{""english_label"":""cloths/muslins"",""greek_surface"":""σινδόνες"",""category"":""textile"",""structure_type"":""standalone-good"",""confidence"":""high"",""notes"":""Said to be carried out from the district.""}],""movement_events"":[{""movement_type"":""harvested_at"",""source_place"":""Kolchoi"",""destination_place"":"""",""route_or_intermediate_place"":""Epiodoros island"",""goods"":[""pearls""],""notes"":""Pearl collection is tied to Kolchoi and the island context.""},{""movement_type"":""exported_from_region"",""source_place"":""district near Epiodoros island"",""destination_place"":"""",""route_or_intermediate_place"":"""",""goods"":[""cloths/muslins""],""notes"":""The passage says cloths are carried out from this place but does not name the destination.""}]}"
section_0060,text/body/div[urn:cts:greekLit:tlg0071.tlg001.1st1K-grc1]/div[60]/p,anonymous_periplus:text/body/div[urn:cts:greekLit:tlg0071.tlg001.1st1K-grc1]/div[60]/p,60,"{""draft_translation"":""Kamara, Poduke, and Sopatma are local emporia and roadsteads. Local boats coast as far as Limyrike, while larger sewn vessels branch toward Chryse and the Ganges, and goods from Limyrike are supplied along this coast."",""places"":[{""greek_surface"":""Καμάρα"",""english_label"":""Kamara"",""role"":""port"",""notes"":""Local emporion/roadstead.""},{""greek_surface"":""Ποδούκη"",""english_label"":""Poduke"",""role"":""port"",""notes"":""Local emporion/roadstead.""},{""greek_surface"":""Σωπάτμα"",""english_label"":""Sopatma"",""role"":""port"",""notes"":""Local emporion/roadstead.""},{""greek_surface"":""Λιμυρικῆς"",""english_label"":""Limyrike"",""role"":""route_or_intermediate_place"",""notes"":""Endpoint of local coastal vessels and source of supplied goods.""},{""greek_surface"":""Χρυσῆν"",""english_label"":""Chryse"",""role"":""destination_place"",""notes"":""Destination for larger vessels.""},{""greek_surface"":""Γάγγην"",""english_label"":""Ganges"",""role"":""destination_place"",""notes"":""Destination for larger vessels.""}],""commodity_entities"":[],""movement_events"":[{""movement_type"":""coastal_distribution"",""source_place"":""Limyrike"",""destination_place"":""Kamara, Poduke, and Sopatma coast"",""route_or_intermediate_place"":"""",""goods"":[],""notes"":""The passage mentions supplies from Limyrike but does not enumerate specific goods.""},{""movement_type"":""maritime_route"",""source_place"":""Kamara, Poduke, and Sopatma coast"",""destination_place"":""Chryse and the Ganges"",""route_or_intermediate_place"":"""",""goods"":[],""notes"":""Route of larger sewn vessels; no specific commodities named.""}]}"
section_0061,text/body/div[urn:cts:greekLit:tlg0071.tlg001.1st1K-grc1]/div[61]/p,anonymous_periplus:text/body/div[urn:cts:greekLit:tlg0071.tlg001.1st1K-grc1]/div[61]/p,61,"{""draft_translation"":""Beyond the coast lies the island called Palaisimoundou, formerly Taprobane; it produces pearls, transparent stones, cloths, and tortoise-shell."",""places"":[{""greek_surface"":""Παλαισιμούνδου"",""english_label"":""Palaisimoundou"",""role"":""source_place"",""notes"":""Island named as the producing region.""},{""greek_surface"":""Ταπροβάνη"",""english_label"":""Taprobane"",""role"":""alternate_name"",""notes"":""Older name for Palaisimoundou.""}],""commodity_entities"":[{""english_label"":""pearls"",""greek_surface"":""πινικὸν"",""category"":""marine_product"",""structure_type"":""coordinated-list-item"",""confidence"":""high"",""notes"":""Produced on the island.""},{""english_label"":""transparent stones"",""greek_surface"":""λιθία διαφανής"",""category"":""stone"",""structure_type"":""coordinated-list-item"",""confidence"":""high"",""notes"":""Produced on the island.""},{""english_label"":""cloths/muslins"",""greek_surface"":""σινδόνες"",""category"":""textile"",""structure_type"":""coordinated-list-item"",""confidence"":""high"",""notes"":""Produced on the island.""},{""english_label"":""tortoise-shell"",""greek_surface"":""χελῶναι"",""category"":""animal_product"",""structure_type"":""coordinated-list-item"",""confidence"":""high"",""notes"":""Produced on the island.""}],""movement_events"":[{""movement_type"":""local_product"",""source_place"":""Palaisimoundou/Taprobane"",""destination_place"":"""",""route_or_intermediate_place"":"""",""goods"":[""pearls"",""transparent stones"",""cloths/muslins"",""tortoise-shell""],""notes"":""Production list without an explicit destination.""}]}"
section_0062,text/body/div[urn:cts:greekLit:tlg0071.tlg001.1st1K-grc1]/div[62]/p,anonymous_periplus:text/body/div[urn:cts:greekLit:tlg0071.tlg001.1st1K-grc1]/div[62]/p,62,"{""draft_translation"":""Masalia lies inland and produces many cloths. Across the adjoining gulf, Desarene supplies the ivory called Bosare."",""places"":[{""greek_surface"":""Μασαλία"",""english_label"":""Masalia"",""role"":""source_place"",""notes"":""Inland country producing many cloths.""},{""greek_surface"":""Δησαρηνὴ χώρα"",""english_label"":""Desarene"",""role"":""source_place"",""notes"":""Country across the gulf associated with Bosare ivory.""}],""commodity_entities"":[{""english_label"":""cloths/muslins"",""greek_surface"":""σινδόνες πλεῖσται"",""category"":""textile"",""structure_type"":""standalone-good"",""confidence"":""high"",""notes"":""Produced in Masalia in great quantity.""},{""english_label"":""Bosare ivory"",""greek_surface"":""ἐλέφαντα τὸν λεγόμενον βωσαρὴ"",""category"":""animal_product"",""structure_type"":""compound-entity"",""confidence"":""medium"",""notes"":""Preserved as a named ivory/elephant-product entity; exact rendering of Bosare is uncertain.""}],""movement_events"":[{""movement_type"":""local_product"",""source_place"":""Masalia"",""destination_place"":"""",""route_or_intermediate_place"":"""",""goods"":[""cloths/muslins""],""notes"":""Production without explicit destination.""},{""movement_type"":""local_product"",""source_place"":""Desarene"",""destination_place"":"""",""route_or_intermediate_place"":"""",""goods"":[""Bosare ivory""],""notes"":""Named product associated with Desarene.""}]}"
section_0063,text/body/div[urn:cts:greekLit:tlg0071.tlg001.1st1K-grc1]/div[63]/p,anonymous_periplus:text/body/div[urn:cts:greekLit:tlg0071.tlg001.1st1K-grc1]/div[63]/p,63,"{""draft_translation"":""The Ganges river has a same-named emporion, through which malabathrum, Gangetic nard, pearls, and the finest Gangetic cloths are carried. Chryse is described farther east, with gold-working nearby and the best tortoise-shell."",""places"":[{""greek_surface"":""Γάγγης"",""english_label"":""Ganges"",""role"":""source_place"",""notes"":""River and emporion through which goods are carried.""},{""greek_surface"":""Χρυσῆ"",""english_label"":""Chryse"",""role"":""source_place"",""notes"":""Eastern land associated with exceptional tortoise-shell.""}],""commodity_entities"":[{""english_label"":""malabathrum"",""greek_surface"":""μαλάβαθρον"",""category"":""aromatic"",""structure_type"":""coordinated-list-item"",""confidence"":""high"",""notes"":""Carried through the Ganges emporion.""},{""english_label"":""Gangetic nard"",""greek_surface"":""ἡ Γαγγητικὴ νάρδος"",""category"":""aromatic"",""structure_type"":""compound-entity"",""confidence"":""high"",""notes"":""Named nard variety carried through the Ganges emporion.""},{""english_label"":""pearls"",""greek_surface"":""πινικὸν"",""category"":""marine_product"",""structure_type"":""coordinated-list-item"",""confidence"":""high"",""notes"":""Carried through the Ganges emporion.""},{""english_label"":""Gangetic muslins"",""greek_surface"":""σινδόνες αἱ διαφορώταται, αἱ Γαγγητικαὶ"",""category"":""textile"",""structure_type"":""compound-entity"",""confidence"":""high"",""notes"":""Preserved as the named finest Gangetic cloths.""},{""english_label"":""gold"",""greek_surface"":""χρυσωρύχια"",""category"":""metal"",""structure_type"":""local-resource"",""confidence"":""medium"",""notes"":""Gold-mining is reported nearby; not presented as a port good.""},{""english_label"":""tortoise-shell"",""greek_surface"":""χελώνην"",""category"":""animal_product"",""structure_type"":""source-specific-entity"",""confidence"":""high"",""notes"":""Chryse is said to have the best tortoise-shell.""}],""movement_events"":[{""movement_type"":""carried_through_emporion"",""source_place"":""Ganges region"",""destination_place"":"""",""route_or_intermediate_place"":""Ganges emporion"",""goods"":[""malabathrum"",""Gangetic nard"",""pearls"",""Gangetic muslins""],""notes"":""The destination is not named.""},{""movement_type"":""local_product"",""source_place"":""Chryse"",""destination_place"":"""",""route_or_intermediate_place"":"""",""goods"":[""tortoise-shell""],""notes"":""Chryse is the source context for the tortoise-shell.""}]}"
section_0064,text/body/div[urn:cts:greekLit:tlg0071.tlg001.1st1K-grc1]/div[64]/p,anonymous_periplus:text/body/div[urn:cts:greekLit:tlg0071.tlg001.1st1K-grc1]/div[64]/p,64,"{""draft_translation"":""Thina is a great inland city from which Seric wool, thread, and cloth are brought by land through Bactria to Barygaza and again to Limyrike by way of the Ganges river; travel to Thina itself is difficult."",""places"":[{""greek_surface"":""Θῖναι"",""english_label"":""Thina"",""role"":""source_place"",""notes"":""Inland source city for Seric textiles.""},{""greek_surface"":""Βαρύγαζα"",""english_label"":""Barygaza"",""role"":""destination_port"",""notes"":""Western destination reached by land through Bactria.""},{""greek_surface"":""Βάκτρων"",""english_label"":""Bactria"",""role"":""route_or_intermediate_place"",""notes"":""Overland route to Barygaza.""},{""greek_surface"":""Λιμυρικὴν"",""english_label"":""Limyrike"",""role"":""destination_market"",""notes"":""Destination reached via the Ganges route.""},{""greek_surface"":""Γάγγου ποταμοῦ"",""english_label"":""Ganges river"",""role"":""route_or_intermediate_place"",""notes"":""River route to Limyrike.""}],""commodity_entities"":[{""english_label"":""Seric wool"",""greek_surface"":""τὸ ἔριον"",""category"":""textile"",""structure_type"":""coordinated-list-item"",""confidence"":""medium"",""notes"":""The final adjective 'Seric' appears to govern the series.""},{""english_label"":""Seric thread"",""greek_surface"":""τὸ νῆμα"",""category"":""textile"",""structure_type"":""coordinated-list-item"",""confidence"":""medium"",""notes"":""Thread from Thina, read as part of the Seric series.""},{""english_label"":""Seric cloth"",""greek_surface"":""τὸ οόνιον τὸ Σηρικὸν"",""category"":""textile"",""structure_type"":""compound-entity"",""confidence"":""high"",""notes"":""Compound textile entity preserved.""}],""movement_events"":[{""movement_type"":""overland_export"",""source_place"":""Thina"",""destination_place"":""Barygaza"",""route_or_intermediate_place"":""Bactria"",""goods"":[""Seric wool"",""Seric thread"",""Seric cloth""],""notes"":""Brought by land through Bactria.""},{""movement_type"":""riverine_export"",""source_place"":""Thina"",""destination_place"":""Limyrike"",""route_or_intermediate_place"":""Ganges river"",""goods"":[""Seric wool"",""Seric thread"",""Seric cloth""],""notes"":""Also brought to Limyrike through the Ganges route.""}]}"
section_0065,text/body/div[urn:cts:greekLit:tlg0071.tlg001.1st1K-grc1]/div[65]/p,anonymous_periplus:text/body/div[urn:cts:greekLit:tlg0071.tlg001.1st1K-grc1]/div[65]/p,65,"{""draft_translation"":""The Sesatai gather and process malabathrum leaves near the Thina frontier. The processed leaves are sorted into three forms by leaf size and then carried into India by the workers who prepare them."",""places"":[{""greek_surface"":""Θινὸς"",""english_label"":""Thina"",""role"":""source_region"",""notes"":""The processing scene occurs at the frontier of Thina.""},{""greek_surface"":""Ἰνδικὴν"",""english_label"":""India"",""role"":""destination_region"",""notes"":""Destination into which the prepared malabathrum is carried.""}],""commodity_entities"":[{""english_label"":""large-ball malabathrum"",""greek_surface"":""ἁδρόσφαιρον μαλάβαθρον"",""category"":""aromatic"",""structure_type"":""compound-entity"",""confidence"":""high"",""notes"":""One of three processed malabathrum grades.""},{""english_label"":""middle-ball malabathrum"",""greek_surface"":""τὸ μεσόσφαιρον"",""category"":""aromatic"",""structure_type"":""compound-entity"",""confidence"":""high"",""notes"":""One of three processed malabathrum grades; head noun supplied from the list context.""},{""english_label"":""small-ball malabathrum"",""greek_surface"":""τὸ μικρόσφαιρον"",""category"":""aromatic"",""structure_type"":""compound-entity"",""confidence"":""high"",""notes"":""One of three processed malabathrum grades; head noun supplied from the list context.""}],""movement_events"":[{""movement_type"":""processed_and_carried_to_region"",""source_place"":""Thina frontier"",""destination_place"":""India"",""route_or_intermediate_place"":"""",""goods"":[""large-ball malabathrum"",""middle-ball malabathrum"",""small-ball malabathrum""],""notes"":""The mats and reeds are processing tools, not extracted as commodities.""}]}"
section_0066,text/body/div[urn:cts:greekLit:tlg0071.tlg001.1st1K-grc1]/div[66]/p,anonymous_periplus:text/body/div[urn:cts:greekLit:tlg0071.tlg001.1st1K-grc1]/div[66]/p,66,"{""draft_translation"":""The final notice describes the remoteness and difficulty of the farthest regions beyond Thina without listing a tradeable commodity or a concrete goods movement."",""places"":[],""commodity_entities"":[],""movement_events"":[]}"
